date,key,school_closing,workplace_closing,cancel_public_events,restrictions_on_gatherings,public_transport_closing,stay_at_home_requirements,restrictions_on_internal_movement,international_travel_controls,income_support,debt_relief,fiscal_measures,international_support,public_information_campaigns,testing_policy,contact_tracing,emergency_investment_in_healthcare,investment_in_vaccines,stringency_index
2020-05-21,AD,3,2,1,0,1,1,0,2,2,2,0,0,2,3,1,0,0,50
2020-05-21,AE,3,,,,,,,,,,,,,,,,,
2020-05-21,AF,3,3,2,4,2,2,2,1,0,0,0,0,2,1,1,0,0,78.7
2020-05-21,AL,2,2,2,4,2,2,2,4,2,1,0,0,2,2,1,0,0,83.33
2020-05-21,AO,3,2,2,3,1,2,2,4,0,2,0,0,2,2,0,0,0,81.48
2020-05-21,AR,,,,,,,,,,,,,,,,,,
2020-05-21,AT,1,2,2,3,0,0,1,2,2,2,0,0,2,2,2,0,0,52.78
2020-05-21,AU,2,1,2,4,0,1,2,4,1,2,0,,2,2,1,0,0,64.35
2020-05-21,AW,0,2,0,0,0,2,2,3,2,0,0,0,2,1,1,0,0,45.37
2020-05-21,AZ,3,2,2,4,0,3,2,4,2,0,0,0,2,2,1,0,0,85.19
2020-05-21,BA,,,,,,,,,,,,,,,,,,
2020-05-21,BB,3,2,2,4,1,2,2,2,1,1,0,0,2,2,2,0,0,81.48
2020-05-21,BD,,,,,,,,,,,,,,,,,,
2020-05-21,BE,2,1,2,4,1,2,2,2,2,2,0,0,2,1,1,0,0,74.07
2020-05-21,BF,,,,,,,,,,,,,,,,,,
2020-05-21,BG,2,1,2,4,0,1,0,4,2,2,0,0,2,1,2,0,0,59.26
2020-05-21,BH,3,2,2,4,1,2,1,4,2,2,0,0,2,2,2,0,0,81.48
2020-05-21,BI,,,,,,,,,,,,,,,,,,
2020-05-21,BJ,2,0,2,4,1,0,0,2,0,0,0,0,2,2,2,0,0,47.69
2020-05-21,BM,,,,,,,,,,,,,,,,,,
2020-05-21,BN,3,0,1,3,0,0,1,4,1,0,0,0,2,2,1,0,0,52.78
2020-05-21,BO,3,3,2,4,2,2,2,4,1,1,0,0,2,0,1,0,0,96.3
2020-05-21,BR,3,3,2,4,2,2,2,4,1,,,,,1,0,,,69.91
2020-05-21,BT,3,2,1,4,1,0,2,4,1,2,0,0,2,1,2,0,0,74.07
2020-05-21,BW,3,1,1,3,1,1,2,4,1,2,0,0,2,1,1,0,0,66.67
2020-05-21,BY,0,0,0,0,0,0,0,3,1,0,,,1,3,2,,,13.89
2020-05-21,BZ,,,,,,,,,,,,,,,,,,
2020-05-21,CA,,,,,,,,,,,,,,,,,,
2020-05-21,CD,3,2,2,3,2,2,2,4,0,2,0,0,2,1,1,0,0,80.56
2020-05-21,CF,,,,,,,,,,,,,,,,,,
2020-05-21,CG,3,3,2,3,2,3,2,4,1,2,0,0,2,1,1,0,0,97.22
2020-05-21,CH,,,,,,,,,,,,,,,,,,
2020-05-21,CI,2,2,2,2,1,1,2,4,0,1,0,0,2,2,1,0,0,64.81
2020-05-21,CL,,,,,,,,,,1,,,,,,,,
2020-05-21,CM,3,0,2,3,1,0,1,4,0,0,0,0,2,2,0,0,0,63.89
2020-05-21,CN,3,3,2,4,2,3,2,3,0,0,0,0,2,3,2,0,0,81.94
2020-05-21,CO,3,2,2,4,1,2,2,,,,,,,,,,,
2020-05-21,CR,3,2,1,3,0,1,2,4,1,1,0,0,2,1,1,0,0,69.44
2020-05-21,CU,3,3,2,4,2,3,2,,,,,,,,,,,
2020-05-21,CV,,,,,,,,,,,,,2,2,2,0,0,
2020-05-21,CY,,,,,,,,,,,,,,,,,,
2020-05-21,CZ,,,,,,,,,,,,,,,,,,
2020-05-21,DE,,,,,,,,,,,,,,,,,,
2020-05-21,DJ,3,0,2,4,0,1,0,4,1,0,0,0,2,3,2,0,0,59.26
2020-05-21,DK,2,2,1,3,1,1,1,4,2,2,0,0,2,3,2,0,0,65.74
2020-05-21,DM,3,2,2,4,0,1,2,4,1,2,0,0,2,3,2,0,0,77.78
2020-05-21,DO,,,,,,,,,,,,,,,,,,
2020-05-21,DZ,3,2,2,4,2,2,2,3,0,1,0,0,2,0,0,0,0,83.8
2020-05-21,EC,,,,,,,,,,,,,,,,,,
2020-05-21,EE,0,2,2,4,0,2,0,2,0,2,161260000,0,2,2,0,0,0,52.31
2020-05-21,EG,3,2,2,1,2,2,2,4,0,0,0,0,2,1,2,0,0,84.26
2020-05-21,ES,3,3,2,4,1,2,1,4,2,2,0,0,2,2,1,0,0,79.17
2020-05-21,ET,3,2,2,4,1,1,2,2,0,0,0,0,2,1,2,0,0,73.15
2020-05-21,FI,2,2,2,3,1,1,1,3,1,0,0,0,2,1,1,0,0,63.89
2020-05-21,FR,2,2,2,3,1,1,2,4,2,2,0,0,2,2,2,0,0,76.85
2020-05-21,GA,,,,,,,,,,,,,,,,,,
2020-05-21,GB,3,2,2,4,1,1,1,0,2,2,0,0,2,1,0,0,0,66.67
2020-05-21,GE,3,2,2,3,2,3,2,4,1,1,0,0,2,2,2,0,0,93.52
2020-05-21,GH,3,1,2,3,1,0,0,4,0,2,0,0,2,3,2,0,0,62.04
2020-05-21,GL,2,,1,,,1,1,4,0,0,0,0,2,3,2,0,0,
2020-05-21,GM,3,2,2,4,1,1,1,4,0,0,0,0,2,3,1,0,0,77.78
2020-05-21,GN,3,3,2,3,1,0,2,4,0,0,0,0,2,2,1,0,0,73.15
2020-05-21,GR,,,,,,,,,,,,,,,,,,
2020-05-21,GT,,,,,,,,,,,,,,,,,,
2020-05-21,GU,3,3,2,4,1,1,0,3,1,0,0,0,2,2,1,0,0,73.15
2020-05-21,GY,,3,2,4,1,2,2,4,,,,,,,,,,
2020-05-21,HK,3,2,2,3,0,1,0,4,2,2,0,0,2,2,2,0,0,63.89
2020-05-21,HN,,,,,,,,,,,,,,,,,,
2020-05-21,HR,2,1,2,3,1,1,2,0,2,2,0,0,2,2,2,0,0,59.26
2020-05-21,HU,,,,,,,,,,,,,,,,,,
2020-05-21,ID,,,,,,,,,,,,,,,,,,
2020-05-21,IE,3,2,2,4,2,1,1,2,2,2,0,0,2,2,1,0,0,77.78
2020-05-21,IL,2,2,2,2,1,2,2,4,1,2,0,0,2,1,2,0,0,75
2020-05-21,IN,3,2,2,4,2,2,2,3,1,2,0,0,2,3,2,0,0,79.17
2020-05-21,IQ,3,2,2,4,1,2,2,4,1,1,0,0,2,2,0,0,0,82.41
2020-05-21,IR,2,2,2,1,2,1,2,0,1,2,0,0,2,2,2,0,0,55.56
2020-05-21,IS,2,2,2,3,0,0,0,3,2,2,0,0,2,3,1,0,0,53.7
2020-05-21,IT,3,2,2,0,0,1,2,3,1,1,0,0,2,2,2,0,0,63.89
2020-05-21,JM,3,1,2,4,1,2,2,3,1,1,0,0,2,1,1,0,0,80.56
2020-05-21,JO,,,,,,,,0,,,,,,,,,,
2020-05-21,JP,3,1,1,0,0,1,1,3,1,0,0,0,2,1,1,0,0,40.74
2020-05-21,KE,3,2,2,4,2,3,2,4,1,1,0,0,2,1,1,0,0,93.52
2020-05-21,KG,3,2,2,4,2,2,2,4,1,1,15000000,0,2,1,1,16000000,0,84.72
2020-05-21,KR,2,2,1,0,0,0,0,3,1,1,0,0,2,3,2,0,0,39.81
2020-05-21,KW,3,3,2,4,2,3,2,4,1,1,0,0,2,2,2,0,0,100
2020-05-21,KZ,2,2,2,4,2,2,2,4,1,1,0,0,2,3,2,0,0,80.09
2020-05-21,LA,2,2,2,3,2,0,0,4,1,0,0,0,2,1,2,0,0,62.96
2020-05-21,LB,,,,,,,,,,,,,,,,,,
2020-05-21,LK,3,0,2,4,1,2,2,4,0,2,0,0,2,2,2,0,0,79.63
2020-05-21,LR,3,3,2,3,0,2,2,3,0,0,0,0,2,1,2,,,76.85
2020-05-21,LS,,,,,,,,,,,,,,,,,,
2020-05-21,LT,2,2,2,4,1,1,1,3,2,1,0,0,2,2,2,0,0,71.3
2020-05-21,LU,2,1,2,3,1,1,1,0,2,2,0,0,2,3,2,0,0,56.48
2020-05-21,LY,,,,,,,,,,,,,,,,0,,
2020-05-21,MA,3,3,2,3,2,2,2,4,1,2,0,0,2,2,2,0,0,93.52
2020-05-21,MD,3,2,2,4,2,1,2,4,1,1,,,1,2,2,,,80.56
2020-05-21,MG,,,,,,,,,,,,,,,,,,
2020-05-21,ML,3,1,2,3,0,0,0,4,1,1,0,0,2,1,2,0,0,56.48
2020-05-21,MM,3,2,2,4,2,2,2,3,0,0,,0,2,2,1,0,0,80.56
2020-05-21,MN,3,2,2,4,1,0,0,4,0,2,0,0,2,1,2,0,0,65.74
2020-05-21,MO,2,0,2,0,0,0,0,3,1,2,0,0,2,1,2,0,0,37.96
2020-05-21,MR,,,,,,,,,,,,,,,,,,
2020-05-21,MU,3,2,2,3,1,2,1,4,0,1,0,0,2,1,2,0,0,78.7
2020-05-21,MW,3,1,2,3,0,1,0,3,2,2,0,0,2,1,2,0,0,57.41
2020-05-21,MX,3,3,2,3,1,2,2,3,0,0,0,0,2,1,1,0,0,82.41
2020-05-21,MY,3,2,2,2,0,1,2,3,1,2,0,0,2,3,2,0,0,69.44
2020-05-21,MZ,3,0,2,3,0,1,0,4,0,0,0,0,2,1,2,0,0,56.48
2020-05-21,"NA",3,2,2,4,0,1,0,4,2,1,0,0,2,1,2,0,0,66.67
2020-05-21,NE,,,,,,,,,,,,,,,,,,
2020-05-21,NG,3,2,2,3,1,1,2,4,0,0,0,0,2,1,2,0,0,80.56
2020-05-21,NI,0,0,0,0,0,0,0,0,0,0,0,0,2,1,1,0,0,11.11
2020-05-21,NL,2,2,2,3,1,1,1,3,2,1,0,0,2,1,1,0,0,68.52
2020-05-21,NO,,,,,,,,,,,,,,,,,,
2020-05-21,NP,3,2,2,4,2,2,2,,,,,0,,,,,,
2020-05-21,NZ,,,,,,,,,,,,,2,2,2,0,0,
2020-05-21,OM,3,2,2,4,2,1,2,4,2,0,0,0,2,2,2,0,0,84.26
2020-05-21,PA,3,2,2,3,0,2,2,4,1,2,0,0,2,2,1,0,0,78.7
2020-05-21,PE,,,,,,,,,,,,,,,,,,
2020-05-21,PG,,,,,,,,,,,,,,,,,,
2020-05-21,PH,3,3,2,4,2,2,2,3,1,0,0,0,2,2,2,0,0,93.52
2020-05-21,PK,,,2,,,,,,,,,,,,,,,
2020-05-21,PL,3,2,2,4,1,1,2,4,1,1,0,0,2,1,0,0,0,83.33
2020-05-21,PR,3,2,2,4,2,2,2,2,1,2,0,0,2,1,2,0,0,87.04
2020-05-21,PS,3,3,2,4,2,2,2,4,0,2,0,0,2,1,1,0,0,96.3
2020-05-21,PT,2,2,2,3,1,1,1,3,1,1,0,0,2,3,1,0,0,68.52
2020-05-21,PY,3,3,2,4,1,3,2,4,1,2,0,0,2,2,1,0,0,94.44
2020-05-21,QA,3,2,2,4,2,2,1,4,2,0,0,0,2,1,2,0,0,87.04
2020-05-21,RO,,,,,,,,,,,,,,,,,,
2020-05-21,RS,,,,,,,,,,,,,,,,,,
2020-05-21,RU,3,2,2,4,1,3,2,4,0,2,0,0,2,3,2,0,0,78.24
2020-05-21,RW,3,2,2,3,1,1,1,4,0,1,0,0,2,3,2,0,0,75
2020-05-21,SA,3,2,2,4,2,3,2,4,2,1,0,0,2,2,2,0,0,89.81
2020-05-21,SB,2,2,2,0,0,2,2,3,0,0,0,0,1,3,0,0,0,49.07
2020-05-21,SC,0,2,2,4,0,1,1,4,0,0,0,0,2,2,2,0,0,61.11
2020-05-21,SD,,,,,,,,,,,,,,,,,,
2020-05-21,SE,,,,,,,,3,,1,,,,,,,,
2020-05-21,SG,3,2,2,4,1,2,2,2,1,2,0,0,2,2,2,0,0,81.48
2020-05-21,SI,2,0,2,3,0,0,0,2,1,2,0,0,2,2,2,0,0,42.13
2020-05-21,SK,,,,,,,,,,,,,,,,,,
2020-05-21,SL,3,0,2,3,1,1,2,4,0,0,0,0,2,2,2,0,0,73.15
2020-05-21,SM,3,2,2,4,0,1,1,2,1,1,0,0,2,2,2,0,0,66.67
2020-05-21,SN,3,0,2,2,0,0,2,4,1,2,0,0,2,2,2,0,0,61.11
2020-05-21,SO,,,,,,,,,,,,,,,,,,
2020-05-21,SR,3,0,1,3,2,2,2,4,0,0,0,0,2,1,1,0,0,74.07
2020-05-21,SS,,,,,,,,,,,,,,,,,,
2020-05-21,SV,,3,,,2,3,2,,,,,,,,,,,
2020-05-21,SY,3,2,2,3,2,2,2,3,0,0,0,0,2,1,0,0,0,79.63
2020-05-21,SZ,,,,,,,,,,,,,,,,,,
2020-05-21,TD,,,,,,,,,,,,,,,,,,
2020-05-21,TH,,,,,,,,,,,,,,,,,,
2020-05-21,TL,3,2,2,4,0,2,0,4,,,,,,,,,,59.26
2020-05-21,TN,2,2,2,4,1,1,2,,1,2,0,,2,1,2,0,0,68.52
2020-05-21,TR,,,,,,,,,,,,,,,,,,
2020-05-21,TT,,,,,,,,,,,,,,,,,,
2020-05-21,TW,0,0,0,0,0,0,0,4,1,0,0,0,2,2,2,0,0,22.22
2020-05-21,TZ,2,0,2,3,0,0,0,4,0,0,0,0,2,0,1,0,0,46.3
2020-05-21,UA,,,,,,,,,,,,,,,,,,
2020-05-21,UG,,,,,,,,,,,,,,,,,,
2020-05-21,US,,,,,,,,,,,,,,,,,,
2020-05-21,UY,3,1,2,0,1,1,2,4,1,2,0,0,2,1,1,0,0,66.67
2020-05-21,UZ,,,,,,,,,,,,,,,,,,
2020-05-21,VE,,,,,,,,,,,,,,,,,,
2020-05-21,VN,0,2,2,3,1,0,2,4,1,0,0,0,2,3,2,0,0,65.74
2020-05-21,XK,3,2,2,4,1,2,2,4,1,2,0,0,2,1,1,0,0,87.04
2020-05-21,YE,,,,,,,,,,,,,,,,,,
2020-05-21,ZA,,,,,,,,,,,,,,,,,,
2020-05-21,ZM,,,,,,,,,,,,,,,,,,
2020-05-21,ZW,,,,,,,,,,,,,,,,,,
2020-05-22,AD,,,,,,,,,,,,,,3,1,,,
2020-05-22,AE,3,,,,,,,,,,,,,,,,,
2020-05-22,AF,,,,,,,,,,,,,,,,,,
2020-05-22,AL,2,2,2,4,2,2,2,4,2,1,0,0,2,2,1,0,0,83.33
2020-05-22,AO,3,2,2,3,1,2,2,4,0,2,0,0,2,2,0,0,0,81.48
2020-05-22,AR,,,,,,,,,,,,,,,,,,
2020-05-22,AT,1,2,2,3,0,0,1,2,2,2,0,0,2,2,2,0,0,52.78
2020-05-22,AU,2,1,2,4,0,1,2,4,1,2,0,,2,2,1,0,0,64.35
2020-05-22,AW,0,,0,0,,2,2,3,,0,0,,,,,,,
2020-05-22,AZ,,,,,0,,,4,2,,,,,,,,,
2020-05-22,BA,,,,,,,,,,,,,,,,,,
2020-05-22,BB,3,2,2,4,1,2,2,2,1,1,0,0,2,2,2,0,0,81.48
2020-05-22,BD,,,,,,,,,,,,,,,,,,
2020-05-22,BE,2,1,2,4,1,2,2,2,2,2,0,0,2,1,1,0,0,74.07
2020-05-22,BF,,,,,,,,,,,,,,,,,,
2020-05-22,BG,,,,,,,,3,,2,,,,,,,,
2020-05-22,BH,,,,,,,,,,,,,,,,,,
2020-05-22,BI,,,,,,,,,,,,,,,,,,
2020-05-22,BJ,,,,,,,,,,,,,,,,,,
2020-05-22,BM,,,,,,,,,,,,,,,,,,
2020-05-22,BN,,,,,,,,,,,,,,,,,,
2020-05-22,BO,3,3,2,4,2,2,2,4,1,1,0,0,2,0,1,0,0,96.3
2020-05-22,BR,,,,,,2,,4,1,,,,,1,,,,
2020-05-22,BT,3,2,1,4,1,0,2,4,1,2,0,0,2,1,2,0,0,74.07
2020-05-22,BW,3,1,1,3,0,1,2,4,1,2,0,0,2,1,1,0,0,61.11
2020-05-22,BY,0,0,0,0,0,0,0,3,1,0,,,1,3,2,,,13.89
2020-05-22,BZ,,,,,,,,,,,,,,,,,,
2020-05-22,CA,,,,,,,,,,,,,,,,,,
2020-05-22,CD,3,2,2,3,2,2,2,4,0,2,0,0,2,1,1,0,0,80.56
2020-05-22,CF,,,,,,,,,,,,,,,,,,
2020-05-22,CG,,,,,,,,,,,,,,,,,,
2020-05-22,CH,,,,,,,,,,,,,,,,,,
2020-05-22,CI,2,2,2,2,1,1,2,4,0,1,0,0,2,2,1,0,0,64.81
2020-05-22,CL,,,,,,,,,,1,,,,,,,,
2020-05-22,CM,3,0,2,3,1,0,1,4,0,0,0,0,2,2,0,0,0,63.89
2020-05-22,CN,3,3,2,4,2,3,2,3,0,0,0,0,2,3,2,0,0,81.94
2020-05-22,CO,3,2,2,4,1,2,2,,,,,,,,,,,
2020-05-22,CR,,,,,,,,,,,,,,,,,,
2020-05-22,CU,,,,,,,,,,,,,,,,,,
2020-05-22,CV,,,,,,,,,,,,,2,3,2,0,0,
2020-05-22,CY,,,,,,,,,,,,,,,,,,
2020-05-22,CZ,,,,,,,,,,,,,,,,,,
2020-05-22,DE,,,,,,,,,,,,,,,,,,
2020-05-22,DJ,3,0,2,4,0,1,0,4,1,0,0,0,2,3,2,0,0,59.26
2020-05-22,DK,,,,3,1,1,,,,,,,,,,,,
2020-05-22,DM,,,,,,,,,,,,,,,,,,
2020-05-22,DO,,,,,,,,,,,,,,,,,,
2020-05-22,DZ,3,2,2,4,2,2,2,3,0,1,0,0,2,0,0,0,0,83.8
2020-05-22,EC,,,,,,,,,,,,,,,,,,
2020-05-22,EE,0,2,2,4,0,2,0,2,0,2,0,0,2,2,0,0,0,52.31
2020-05-22,EG,3,2,2,1,2,2,2,4,0,0,0,0,2,1,2,0,0,84.26
2020-05-22,ES,,,,,,,,,2,,,,,,,,,
2020-05-22,ET,,,,,,,,,,,,,,,,,,
2020-05-22,FI,2,2,2,3,1,1,1,3,1,0,0,0,2,1,1,0,0,63.89
2020-05-22,FR,2,2,2,3,1,1,2,4,2,2,0,0,2,2,2,0,0,76.85
2020-05-22,GA,,,,,,,,,,,,,,,,,,
2020-05-22,GB,3,2,2,4,1,1,1,0,2,2,0,0,2,1,0,0,0,66.67
2020-05-22,GE,3,2,2,3,2,3,2,4,1,1,0,0,2,2,2,0,0,93.52
2020-05-22,GH,3,1,2,3,1,0,0,4,0,2,0,0,2,3,2,0,0,62.04
2020-05-22,GL,2,,1,,,1,1,4,0,0,0,0,2,3,2,0,0,
2020-05-22,GM,3,2,2,4,1,1,1,4,0,0,0,0,2,3,1,0,0,77.78
2020-05-22,GN,3,3,2,3,1,0,2,4,0,0,0,0,2,2,1,0,0,73.15
2020-05-22,GR,,,,,,,,,,,,,,,,,,
2020-05-22,GT,,,,,,,,,,,,,,,,,,
2020-05-22,GU,3,3,2,4,1,1,,3,,,,,,,,,,
2020-05-22,GY,,3,2,4,1,2,2,4,,,,,,,,,,
2020-05-22,HK,,,,,,,,,,,,,,,,,,
2020-05-22,HN,,,,,,,,,,,,,,,,,,
2020-05-22,HR,2,1,2,3,1,1,2,0,,,,,,,,,,
2020-05-22,HU,,,,,,,,,,,,,,,,,,
2020-05-22,ID,,,,,,,,,,,,,,,,,,
2020-05-22,IE,3,2,2,4,2,1,1,2,2,2,0,0,2,2,1,0,0,77.78
2020-05-22,IL,2,2,2,2,1,2,2,4,1,2,0,0,2,1,2,0,0,75
2020-05-22,IN,3,2,2,4,2,2,2,3,1,2,0,0,2,3,2,0,0,79.17
2020-05-22,IQ,3,2,2,4,1,2,2,4,1,1,0,0,2,2,0,0,0,82.41
2020-05-22,IR,2,2,2,1,2,1,2,0,1,2,0,0,2,2,2,0,0,55.56
2020-05-22,IS,2,2,2,3,0,0,0,3,2,2,0,0,2,3,1,0,0,53.7
2020-05-22,IT,3,2,2,0,0,1,2,3,1,1,0,0,2,2,2,0,0,63.89
2020-05-22,JM,3,1,2,4,1,2,2,3,1,1,0,0,2,1,1,0,0,80.56
2020-05-22,JO,,,,,,,,0,,,,,,,,,,
2020-05-22,JP,3,1,1,0,0,1,1,3,1,0,0,0,2,1,1,0,0,40.74
2020-05-22,KE,3,2,2,4,2,3,2,4,1,1,0,0,2,1,1,0,0,93.52
2020-05-22,KG,3,2,2,4,2,2,2,4,1,1,0,0,2,1,1,0,0,84.72
2020-05-22,KR,,,,,,,,,,1,,,,,,,,
2020-05-22,KW,3,3,2,4,2,3,2,4,1,1,0,0,2,2,2,0,0,100
2020-05-22,KZ,2,,2,4,,2,,,,,,,2,3,,,,
2020-05-22,LA,,,,,,,,,,,,,,,,,,
2020-05-22,LB,,,,,,,,,,,,,,,,,,
2020-05-22,LK,,,,,,,,,,,,,,,,,,
2020-05-22,LR,3,,,,,2,2,,,,,,,,,,,
2020-05-22,LS,,,,,,,,,,,,,,,,,,
2020-05-22,LT,2,2,2,4,1,1,1,3,2,1,0,0,2,2,2,0,0,71.3
2020-05-22,LU,2,1,2,3,1,1,1,0,2,2,0,0,2,3,2,0,0,56.48
2020-05-22,LY,,,,,,,,,,,,,,,,0,,
2020-05-22,MA,3,3,2,3,2,2,2,4,1,2,0,0,2,2,2,0,0,93.52
2020-05-22,MD,3,2,2,4,2,1,2,4,1,1,,,1,2,2,,,80.56
2020-05-22,MG,,,,,,,,,,,,,,,,,,
2020-05-22,ML,3,1,2,3,0,0,0,4,1,1,0,0,2,1,2,0,0,56.48
2020-05-22,MM,3,2,2,4,2,2,2,3,0,0,,0,2,2,1,0,0,80.56
2020-05-22,MN,,,,,,,,,,,,,2,1,2,0,0,
2020-05-22,MO,2,0,2,0,0,0,0,3,1,2,0,0,2,1,2,0,0,37.96
2020-05-22,MR,,,,,,,,,,,,,,,,,,
2020-05-22,MU,3,,2,3,1,2,1,,,,,,,,,,,
2020-05-22,MW,3,1,2,3,0,1,0,3,2,2,0,0,2,1,2,0,0,57.41
2020-05-22,MX,3,3,2,3,1,2,2,3,0,0,0,0,2,1,1,0,0,82.41
2020-05-22,MY,3,2,2,2,0,1,2,3,1,2,0,0,2,3,2,0,0,69.44
2020-05-22,MZ,3,0,2,3,0,1,0,4,0,0,0,0,2,1,2,0,0,56.48
2020-05-22,"NA",3,2,2,4,0,1,0,4,2,1,0,0,2,1,2,0,0,66.67
2020-05-22,NE,,,,,,,,,,,,,,,,,,
2020-05-22,NG,3,2,2,3,1,1,2,4,0,0,0,0,2,1,2,0,0,80.56
2020-05-22,NI,0,0,0,0,0,0,0,0,0,0,0,0,2,1,1,0,0,11.11
2020-05-22,NL,2,2,2,3,1,1,1,3,2,1,0,0,2,1,1,0,0,68.52
2020-05-22,NO,,,,,,,,,,,,,,,,,,
2020-05-22,NP,3,2,2,4,2,2,2,,,,,0,,,,,,
2020-05-22,NZ,,,,,,,,,,,,,2,2,2,0,0,
2020-05-22,OM,3,2,2,4,2,1,2,4,2,0,0,0,2,2,2,0,0,84.26
2020-05-22,PA,3,2,,,,2,,,,,,,,,,,,
2020-05-22,PE,,,,,,,,,,,,,,,,,,
2020-05-22,PG,,,,,,,,,,,,,,,,,,
2020-05-22,PH,3,3,2,4,2,2,2,3,1,0,0,0,2,2,2,0,0,93.52
2020-05-22,PK,,,2,,,,,,,,,,,,,,,
2020-05-22,PL,,,,,,,,,,,,,,,,,,
2020-05-22,PR,3,2,2,4,2,2,2,2,1,2,0,0,2,1,2,0,0,87.04
2020-05-22,PS,,,,,,,,,,,,,,,,,,
2020-05-22,PT,2,2,2,3,1,1,1,3,1,1,0,0,2,3,1,0,0,68.52
2020-05-22,PY,,,,,,,,,,,,,,,,,,
2020-05-22,QA,3,2,2,4,2,2,1,4,2,0,0,0,2,1,2,0,0,87.04
2020-05-22,RO,,,,,,,,,,,,,,,,,,
2020-05-22,RS,,,,,,,,,,,,,,,,,,
2020-05-22,RU,3,2,2,4,1,3,2,4,0,2,0,0,2,3,2,0,0,78.24
2020-05-22,RW,3,2,2,3,1,1,1,4,,,,,2,3,2,,,75
2020-05-22,SA,3,2,2,4,2,3,2,4,2,1,0,0,2,2,2,0,0,89.81
2020-05-22,SB,2,2,2,0,0,2,2,3,,,,,,,,,,
2020-05-22,SC,0,2,2,4,0,1,1,4,0,0,0,0,2,2,2,0,0,61.11
2020-05-22,SD,,,,,,,,,,,,,,,,,,
2020-05-22,SE,,,,,,,,3,,1,,,,,,,,
2020-05-22,SG,3,2,2,4,1,2,2,2,1,2,0,0,2,2,2,0,0,81.48
2020-05-22,SI,2,0,2,3,0,0,0,2,1,2,0,0,2,2,2,0,0,42.13
2020-05-22,SK,,,,,,,,,,,,,,,,,,
2020-05-22,SL,3,0,2,3,1,1,2,4,0,0,0,0,2,2,2,0,0,73.15
2020-05-22,SM,,,,,,,,,,,,,,,,,,
2020-05-22,SN,3,0,2,2,0,0,2,4,1,2,0,0,2,2,2,0,0,61.11
2020-05-22,SO,,,,,,,,,,,,,,,,,,
2020-05-22,SR,,,,,,,,,,,,,,,,,,
2020-05-22,SS,,,,,,,,,,,,,,,,,,
2020-05-22,SV,,,,,,3,,,,,,,,,,,,
2020-05-22,SY,3,2,2,3,2,2,2,3,0,0,0,0,2,1,0,0,0,79.63
2020-05-22,SZ,,,,,,,,,,,,,,,,,,
2020-05-22,TD,,,,,,,,,,,,,,,,,,
2020-05-22,TH,,,,,,,,,,,,,,,,,,
2020-05-22,TL,3,2,2,4,0,2,0,4,,,,,,,,,,59.26
2020-05-22,TN,2,2,2,4,1,1,2,,1,2,0,,2,1,2,0,0,68.52
2020-05-22,TR,,,,,,,,,,,,,,,,,,
2020-05-22,TT,,,,,,,,,,,,,,,,,,
2020-05-22,TW,0,0,0,0,0,0,0,4,1,0,0,0,2,2,2,0,0,22.22
2020-05-22,TZ,2,0,2,3,0,0,0,4,0,0,0,0,2,0,1,0,0,46.3
2020-05-22,UA,,,,,,,,,,,,,,,,,,
2020-05-22,UG,,,,,,,,,,,,,,,,,,
2020-05-22,US,,,,,,,,,,,,,,,,,,
2020-05-22,UY,3,1,2,0,1,1,2,4,1,2,0,0,2,1,1,0,0,66.67
2020-05-22,UZ,,,,,,,,,,,,,,,,,,
2020-05-22,VE,,,,,,,,,,,,,,,,,,
2020-05-22,VN,0,2,2,3,1,0,2,4,1,0,0,0,2,3,2,0,0,65.74
2020-05-22,XK,,2,2,4,1,2,2,4,1,2,0,0,2,1,1,0,0,
2020-05-22,YE,,,,,,,,,,,,,,,,,,
2020-05-22,ZA,,,,,,,,,,,,,,,,,,
2020-05-22,ZM,,,,,,,,,,,,,,,,,,
2020-05-22,ZW,,,,,,,,,,,,,,,,,,
2020-05-23,AD,,,,,,,,,,,,,,3,1,,,
2020-05-23,AE,3,,,,,,,,,,,,,,,,,
2020-05-23,AF,,,,,,,,,,,,,,,,,,
2020-05-23,AL,2,2,2,4,2,2,2,4,2,1,0,0,2,2,1,0,0,83.33
2020-05-23,AO,3,2,2,3,1,2,2,4,0,2,0,0,2,2,0,0,0,81.48
2020-05-23,AR,,,,,,,,,,,,,,,,,,
2020-05-23,AT,1,2,2,3,0,0,1,2,2,2,0,0,2,2,2,0,0,52.78
2020-05-23,AU,2,1,2,4,0,1,2,4,1,2,0,,2,2,1,0,0,64.35
2020-05-23,AW,,,,,,2,2,3,,,,,,,,,,
2020-05-23,AZ,,,,,0,,,4,2,,,,,,,,,
2020-05-23,BA,,,,,,,,,,,,,,,,,,
2020-05-23,BB,3,2,2,4,1,2,2,2,1,1,0,0,2,2,2,0,0,81.48
2020-05-23,BD,,,,,,,,,,,,,,,,,,
2020-05-23,BE,2,1,2,4,1,2,2,2,2,2,0,0,2,1,1,0,0,74.07
2020-05-23,BF,,,,,,,,,,,,,,,,,,
2020-05-23,BG,,,,,,,,,,,,,,,,,,
2020-05-23,BH,,,,,,,,,,,,,,,,,,
2020-05-23,BI,,,,,,,,,,,,,,,,,,
2020-05-23,BJ,,,,,,,,,,,,,,,,,,
2020-05-23,BM,,,,,,,,,,,,,,,,,,
2020-05-23,BN,,,,,,,,,,,,,,,,,,
2020-05-23,BO,3,3,2,4,2,2,2,4,1,1,0,0,2,0,1,0,0,96.3
2020-05-23,BR,,,,,,2,,4,1,,,,,1,,,,
2020-05-23,BT,3,2,1,4,1,0,2,4,1,2,0,0,2,1,2,0,0,74.07
2020-05-23,BW,3,1,1,3,0,1,2,4,1,2,0,0,2,1,1,0,0,61.11
2020-05-23,BY,0,0,0,0,0,0,0,3,1,0,,,1,3,2,1E+08,,13.89
2020-05-23,BZ,,,,,,,,,,,,,,,,,,
2020-05-23,CA,,,,,,,,,,,,,,,,,,
2020-05-23,CD,3,2,2,3,2,2,2,4,0,2,0,0,2,1,1,0,0,80.56
2020-05-23,CF,,,,,,,,,,,,,,,,,,
2020-05-23,CG,,,,,,,,,,,,,,,,,,
2020-05-23,CH,,,,,,,,,,,,,,,,,,
2020-05-23,CI,2,2,2,2,1,1,2,4,0,1,0,0,2,2,1,0,0,64.81
2020-05-23,CL,,,,,,,,,,1,,,,,,,,
2020-05-23,CM,3,0,2,3,1,0,1,4,0,0,0,0,2,2,0,0,0,63.89
2020-05-23,CN,3,3,2,4,2,3,2,3,0,0,1192572826071,0,2,3,2,0,0,81.94
2020-05-23,CO,3,2,2,4,1,2,2,,,,,,,,,,,
2020-05-23,CR,,,,,,,,,,,,,,,,,,
2020-05-23,CU,,,,,,,,,,,,,,,,,,
2020-05-23,CV,,,,,,,,,,,,,2,3,2,0,0,
2020-05-23,CY,,,,,,,,,,,,,,,,,,
2020-05-23,CZ,,,,,,,,,,,,,,,,,,
2020-05-23,DE,,,,,,,,,,,,,,,,,,
2020-05-23,DJ,,,,,,,,,,,,,,,,,,
2020-05-23,DK,,,,3,1,1,,,,,,,,,,,,
2020-05-23,DM,,,,,,,,,,,,,,,,,,
2020-05-23,DO,,,,,,,,,,,,,,,,,,
2020-05-23,DZ,3,2,2,4,2,2,2,3,0,1,0,0,2,0,0,0,0,83.8
2020-05-23,EC,,,,,,,,,,,,,,,,,,
2020-05-23,EE,0,2,2,4,0,2,0,2,0,2,0,0,2,2,0,0,0,52.31
2020-05-23,EG,3,2,2,1,2,2,2,4,0,0,0,0,2,1,2,0,0,84.26
2020-05-23,ES,,,,,,,,,2,,,,,,,,,
2020-05-23,ET,,,,,,,,,,,,,,,,,,
2020-05-23,FI,2,2,2,3,1,1,1,3,1,0,0,0,2,1,1,0,0,63.89
2020-05-23,FR,2,2,2,3,1,1,2,4,2,2,0,0,2,2,2,0,0,76.85
2020-05-23,GA,,,,,,,,,,,,,,,,,,
2020-05-23,GB,3,2,2,4,1,1,1,0,2,2,0,0,2,1,0,0,0,66.67
2020-05-23,GE,3,2,2,3,2,1,2,4,1,1,0,0,2,2,2,0,0,86.11
2020-05-23,GH,3,1,2,3,1,0,0,4,0,2,0,0,2,3,2,0,0,62.04
2020-05-23,GL,2,,1,,,1,1,4,0,0,0,0,2,3,2,0,0,
2020-05-23,GM,3,2,2,4,1,1,1,4,0,0,0,0,2,3,1,0,0,77.78
2020-05-23,GN,3,3,2,3,1,0,2,4,0,0,0,0,2,2,1,0,0,73.15
2020-05-23,GR,,,,,,,,,,,,,,,,,,
2020-05-23,GT,,,,,,,,,,,,,,,,,,
2020-05-23,GU,3,3,2,4,1,1,,3,,,,,,,,,,
2020-05-23,GY,,3,2,4,1,2,2,4,,,,,,,,,,
2020-05-23,HK,,,,,,,,,,,,,,,,,,
2020-05-23,HN,,,,,,,,,,,,,,,,,,
2020-05-23,HR,2,1,2,3,1,1,2,0,,,,,,,,,,
2020-05-23,HU,,,,,,,,,,,,,,,,,,
2020-05-23,ID,,,,,,,,,,,,,,,,,,
2020-05-23,IE,3,2,2,4,2,1,1,2,2,2,0,0,2,2,1,0,0,77.78
2020-05-23,IL,2,2,2,2,1,2,2,4,1,2,0,0,2,1,2,0,0,75
2020-05-23,IN,3,2,2,4,2,2,2,3,1,2,0,0,2,3,2,0,0,79.17
2020-05-23,IQ,3,2,2,4,1,2,2,4,1,1,0,0,2,2,0,0,0,82.41
2020-05-23,IR,2,2,2,1,2,1,2,0,1,2,0,0,2,2,2,0,0,55.56
2020-05-23,IS,2,2,2,3,0,0,0,3,2,2,0,0,2,3,1,0,0,53.7
2020-05-23,IT,3,2,2,0,0,1,2,3,1,1,0,0,2,2,2,0,0,63.89
2020-05-23,JM,3,1,2,4,1,2,2,3,1,1,0,0,2,1,1,0,0,80.56
2020-05-23,JO,,,,,,,,0,,,,,,,,,,
2020-05-23,JP,3,1,1,0,0,1,1,3,1,0,0,0,2,1,1,0,0,40.74
2020-05-23,KE,,,,,,3,,,,,,,,,,,,
2020-05-23,KG,3,2,2,4,2,2,2,4,1,1,0,0,2,1,1,0,0,84.72
2020-05-23,KR,,,,,,,,,,1,,,,,,,,
2020-05-23,KW,3,3,2,4,2,3,2,4,1,1,0,0,2,2,2,0,0,100
2020-05-23,KZ,,,,,,,,,,,,,,,,,,
2020-05-23,LA,,,,,,,,,,,,,,,,,,
2020-05-23,LB,,,,,,,,,,,,,,,,,,
2020-05-23,LK,,,,,,,,,,,,,,,,,,
2020-05-23,LR,3,,,,,2,2,,,,,,,,,,,
2020-05-23,LS,,,,,,,,,,,,,,,,,,
2020-05-23,LT,2,2,2,4,1,1,1,3,2,1,0,0,2,2,2,0,0,71.3
2020-05-23,LU,2,1,2,3,1,1,1,0,2,2,0,0,2,3,2,0,0,56.48
2020-05-23,LY,,,,,,,,,,,,,,,,0,,
2020-05-23,MA,3,3,2,3,2,2,2,4,1,2,0,0,2,2,2,0,0,93.52
2020-05-23,MD,3,2,2,4,2,1,2,4,1,1,,,1,2,2,,,80.56
2020-05-23,MG,,,,,,,,,,,,,,,,,,
2020-05-23,ML,3,1,2,3,0,0,0,4,1,1,0,0,2,1,2,0,0,56.48
2020-05-23,MM,,,,,,,,,,,,,,,,,,
2020-05-23,MN,,,,,,,,,,,,,,,,,,
2020-05-23,MO,2,0,2,0,0,0,0,3,1,2,0,0,2,1,2,0,0,37.96
2020-05-23,MR,,,,,,,,,,,,,,,,,,
2020-05-23,MU,3,,2,3,1,2,1,,,,,,,,,,,
2020-05-23,MW,3,1,2,3,0,1,0,3,2,2,0,0,2,1,2,0,0,57.41
2020-05-23,MX,3,3,2,3,1,2,2,3,0,0,0,0,2,1,1,0,0,82.41
2020-05-23,MY,,,,,,,,,,,,,,,,,,
2020-05-23,MZ,3,0,2,3,0,1,0,4,0,0,0,0,2,1,2,0,0,56.48
2020-05-23,"NA",3,2,2,4,0,1,0,4,2,1,0,0,2,1,2,0,0,66.67
2020-05-23,NE,,,,,,,,,,,,,,,,,,
2020-05-23,NG,3,2,2,3,1,1,2,4,0,0,0,0,2,1,2,0,0,80.56
2020-05-23,NI,0,0,0,0,0,0,0,0,0,0,0,0,2,1,1,0,0,11.11
2020-05-23,NL,2,2,2,3,1,1,1,3,2,1,0,0,2,1,1,0,0,68.52
2020-05-23,NO,,,,,,,,,,,,,,,,,,
2020-05-23,NP,3,2,2,4,2,2,2,,,,,0,,,,,,
2020-05-23,NZ,,,,,,,,,,,,,2,2,2,0,0,
2020-05-23,OM,3,2,2,4,2,1,2,4,2,0,0,0,2,2,2,0,0,84.26
2020-05-23,PA,3,2,,,,2,,,,,,,,,,,,
2020-05-23,PE,,,,,,,,,,,,,,,,,,
2020-05-23,PG,,,,,,,,,,,,,,,,,,
2020-05-23,PH,3,3,2,4,2,2,2,3,1,0,0,0,2,2,2,0,0,93.52
2020-05-23,PK,,,2,,,,,,,,,,,,,,,
2020-05-23,PL,,,,,,,,,,,,,,,,,,
2020-05-23,PR,3,2,2,4,2,2,2,2,1,2,0,0,2,1,2,0,0,87.04
2020-05-23,PS,,,,,,,,,,,,,,,,,,
2020-05-23,PT,2,2,2,3,1,1,1,3,1,1,0,0,2,3,1,0,0,68.52
2020-05-23,PY,,,,,,,,,,,,,,,,,,
2020-05-23,QA,3,2,2,4,2,2,1,4,2,0,0,0,2,1,2,0,0,87.04
2020-05-23,RO,,,,,,,,,,,,,,,,,,
2020-05-23,RS,,,,,,,,,,,,,,,,,,
2020-05-23,RU,3,2,2,4,1,3,2,4,0,2,0,0,2,3,2,0,0,78.24
2020-05-23,RW,,,,,,,,,,,,,,,,,,
2020-05-23,SA,3,2,2,4,2,3,2,4,2,1,0,0,2,2,2,0,0,91.67
2020-05-23,SB,2,2,2,0,0,2,2,3,,,,,,,,,,
2020-05-23,SC,,,,,,,,,,,,,,,,,,
2020-05-23,SD,,,,,,,,,,,,,,,,,,
2020-05-23,SE,,,,,,,,3,,1,,,,,,,,
2020-05-23,SG,3,2,2,4,1,2,2,2,1,2,0,0,2,2,2,0,0,81.48
2020-05-23,SI,,,,,,,,,1,,,,,,,,,
2020-05-23,SK,,,,,,,,,,,,,,,,,,
2020-05-23,SL,3,0,2,3,1,1,2,4,0,0,0,0,2,2,2,0,0,73.15
2020-05-23,SM,,,,,,,,,,,,,,,,,,
2020-05-23,SN,3,0,2,2,0,0,2,4,1,2,0,0,2,2,2,0,0,61.11
2020-05-23,SO,,,,,,,,,,,,,,,,,,
2020-05-23,SR,,,,,,,,,,,,,,,,,,
2020-05-23,SS,,,,,,,,,,,,,,,,,,
2020-05-23,SV,,,,,,,,,,,,,,,,,,
2020-05-23,SY,3,2,2,3,2,2,2,3,0,0,0,0,2,1,0,0,0,79.63
2020-05-23,SZ,,,,,,,,,,,,,,,,,,
2020-05-23,TD,,,,,,,,,,,,,,,,,,
2020-05-23,TH,,,,,,,,,,,,,,,,,,
2020-05-23,TL,3,2,2,4,0,2,0,4,,,,,,,,,,59.26
2020-05-23,TN,2,2,2,4,1,1,2,,1,2,0,,2,1,2,0,0,68.52
2020-05-23,TR,,,,,,,,,,,,,,,,,,
2020-05-23,TT,,,,,,,,,,,,,,,,,,
2020-05-23,TW,0,0,0,0,0,0,0,4,1,0,0,0,2,3,2,0,0,22.22
2020-05-23,TZ,2,0,2,3,0,0,0,4,0,0,0,0,2,0,1,0,0,46.3
2020-05-23,UA,,,,,,,,,,,,,,,,,,
2020-05-23,UG,,,,,,,,,,,,,,,,,,
2020-05-23,US,,,,,,,,,,,,,,,,,,
2020-05-23,UY,3,1,2,0,1,1,2,4,1,2,0,0,2,1,1,0,0,66.67
2020-05-23,UZ,,,,,,,,,,,,,,,,,,
2020-05-23,VE,,,,,,,,,,,,,,,,,,
2020-05-23,VN,0,2,2,3,1,0,2,4,1,0,0,0,2,3,2,0,0,65.74
2020-05-23,XK,,,,,,,,,,,,,,,,,,
2020-05-23,YE,,,,,,,,,,,,,,,,,,
2020-05-23,ZA,,,,,,,,,,,,,,,,,,
2020-05-23,ZM,,,,,,,,,,,,,,,,,,
2020-05-23,ZW,,,,,,,,,,,,,,,,,,
2020-05-24,AD,,,,,,,,,,,,,,3,1,,,
2020-05-24,AE,3,,,,,,,,,,,,,,,,,
2020-05-24,AF,,,,,,,,,,,,,,,,,,
2020-05-24,AL,2,2,2,4,2,2,2,4,2,1,0,0,2,2,1,0,0,83.33
2020-05-24,AO,3,2,2,3,1,2,2,4,0,2,0,0,2,2,0,0,0,81.48
2020-05-24,AR,,,,,,,,,,,,,,,,,,
2020-05-24,AT,1,2,2,3,0,0,1,2,2,2,0,0,2,2,2,0,0,52.78
2020-05-24,AU,2,1,2,4,0,1,2,4,1,2,0,,2,2,1,0,0,64.35
2020-05-24,AW,,,,,,2,2,3,,,,,,,,,,
2020-05-24,AZ,,,,,0,,,4,2,,,,,,,,,
2020-05-24,BA,,,,,,,,,,,,,,,,,,
2020-05-24,BB,3,2,2,4,1,2,2,2,1,1,0,0,2,2,2,0,0,81.48
2020-05-24,BD,,,,,,,,,,,,,,,,,,
2020-05-24,BE,2,1,2,4,1,2,2,2,2,2,0,0,2,1,1,0,0,74.07
2020-05-24,BF,,,,,,,,,,,,,,,,,,
2020-05-24,BG,,,,,,,,,,,,,,,,,,
2020-05-24,BH,,,,,,,,,,,,,,,,,,
2020-05-24,BI,,,,,,,,,,,,,,,,,,
2020-05-24,BJ,,,,,,,,,,,,,,,,,,
2020-05-24,BM,,,,,,,,,,,,,,,,,,
2020-05-24,BN,,,,,,,,,,,,,,,,,,
2020-05-24,BO,3,3,2,4,2,2,2,4,1,1,0,0,2,0,1,0,0,96.3
2020-05-24,BR,,,,,,2,,4,1,,,,,1,,,,
2020-05-24,BT,3,2,1,4,1,0,2,4,1,2,0,0,2,1,2,0,0,74.07
2020-05-24,BW,3,1,1,3,0,1,2,4,1,2,0,0,2,1,1,0,0,61.11
2020-05-24,BY,0,0,0,0,0,0,0,3,1,0,,,1,3,2,,,13.89
2020-05-24,BZ,,,,,,,,,,,,,,,,,,
2020-05-24,CA,,,,,,,,,,,,,,,,,,
2020-05-24,CD,,,,,,,,,,,,,,,,,,
2020-05-24,CF,,,,,,,,,,,,,,,,,,
2020-05-24,CG,,,,,,,,,,,,,,,,,,
2020-05-24,CH,,,,,,,,,,,,,,,,,,
2020-05-24,CI,2,2,2,2,1,1,2,4,0,1,0,0,2,2,1,0,0,64.81
2020-05-24,CL,,,,,,,,,,1,,,,,,,,
2020-05-24,CM,,,,,,,,,,,,,,,,,,
2020-05-24,CN,,,,,,,,,,,,,,,,,,
2020-05-24,CO,3,2,2,4,1,2,2,,,,,,,,,,,
2020-05-24,CR,,,,,,,,,,,,,,,,,,
2020-05-24,CU,,,,,,,,,,,,,,,,,,
2020-05-24,CV,,,,,,,,,,,,,2,3,2,0,0,
2020-05-24,CY,,,,,,,,,,,,,,,,,,
2020-05-24,CZ,,,,,,,,,,,,,,,,,,
2020-05-24,DE,,,,,,,,,,,,,,,,,,
2020-05-24,DJ,,,,,,,,,,,,,,,,,,
2020-05-24,DK,,,,3,1,1,,,,,,,,,,,,
2020-05-24,DM,,,,,,,,,,,,,,,,,,
2020-05-24,DO,,,,,,,,,,,,,,,,,,
2020-05-24,DZ,3,2,2,4,2,2,2,3,0,1,0,0,2,0,0,0,0,83.8
2020-05-24,EC,,,,,,,,,,,,,,,,,,
2020-05-24,EE,0,2,2,4,0,2,0,2,0,2,0,0,2,2,0,0,0,52.31
2020-05-24,EG,3,2,2,1,2,2,2,4,0,0,0,0,2,1,2,0,0,84.26
2020-05-24,ES,,,,,,,,,2,,,,,,,,,
2020-05-24,ET,,,,,,,,,,,,,,,,,,
2020-05-24,FI,,,,,,,,,,,,,,,,,,
2020-05-24,FR,2,2,2,3,1,1,2,4,2,2,0,0,2,2,2,0,0,76.85
2020-05-24,GA,,,,,,,,,,,,,,,,,,
2020-05-24,GB,3,2,2,4,1,1,1,0,2,2,0,0,2,1,0,0,0,66.67
2020-05-24,GE,3,2,2,3,2,1,2,4,1,1,0,0,2,2,2,0,0,86.11
2020-05-24,GH,3,1,2,3,1,0,0,4,0,2,0,0,2,3,2,0,0,62.04
2020-05-24,GL,2,,1,,,1,1,4,0,0,0,0,2,3,2,0,0,
2020-05-24,GM,3,2,2,4,1,1,1,4,0,0,0,0,2,3,1,0,0,77.78
2020-05-24,GN,3,3,2,3,1,0,2,4,0,0,0,0,2,2,1,0,0,73.15
2020-05-24,GR,,,,,,,,,,,,,,,,,,
2020-05-24,GT,,,,,,,,,,,,,,,,,,
2020-05-24,GU,3,3,2,4,,1,,3,,,,,,,,,,
2020-05-24,GY,,3,2,4,1,2,2,4,,,,,,,,,,
2020-05-24,HK,,,,,,,,,,,,,,,,,,
2020-05-24,HN,,,,,,,,,,,,,,,,,,
2020-05-24,HR,2,1,2,3,1,1,2,0,,,,,,,,,,
2020-05-24,HU,,,,,,,,,,,,,,,,,,
2020-05-24,ID,,,,,,,,,,,,,,,,,,
2020-05-24,IE,3,2,2,4,2,1,1,2,2,2,0,0,2,2,1,0,0,77.78
2020-05-24,IL,2,2,2,2,1,2,2,4,1,2,0,0,2,1,2,0,0,75
2020-05-24,IN,3,2,2,4,2,2,2,3,1,2,0,0,2,3,2,0,0,79.17
2020-05-24,IQ,3,2,2,4,1,2,2,4,1,1,0,0,2,2,0,0,0,82.41
2020-05-24,IR,2,2,2,1,2,1,2,0,1,2,0,0,2,2,2,0,0,55.56
2020-05-24,IS,2,2,2,3,0,0,0,3,2,2,0,0,2,3,1,0,0,53.7
2020-05-24,IT,3,2,2,0,0,1,2,3,1,1,0,0,2,2,2,0,0,63.89
2020-05-24,JM,3,1,2,4,1,2,2,3,1,1,0,0,2,1,1,0,0,80.56
2020-05-24,JO,,,,,,,,,,,,,,,,,,
2020-05-24,JP,3,1,1,0,0,1,1,3,1,0,0,0,2,1,1,0,0,40.74
2020-05-24,KE,,,,,,3,,,,,,,,,,,,
2020-05-24,KG,3,2,2,4,2,2,2,4,1,1,0,0,1,1,1,0,0,79.17
2020-05-24,KR,,,,,,,,,,1,,,,,,,,
2020-05-24,KW,3,3,2,4,2,3,2,4,1,1,0,0,2,2,2,0,0,100
2020-05-24,KZ,,,,,,,,,,,,,,,,,,
2020-05-24,LA,,,,,,,,,,,,,,,,,,
2020-05-24,LB,,,,,,,,,,,,,,,,,,
2020-05-24,LK,,,,,,,,,,,,,,,,,,
2020-05-24,LR,3,,,,,2,2,,,,,,,,,,,
2020-05-24,LS,,,,,,,,,,,,,,,,,,
2020-05-24,LT,2,2,2,4,1,1,1,3,2,1,0,0,2,2,2,0,0,71.3
2020-05-24,LU,2,1,2,3,1,1,1,0,2,2,0,0,2,3,2,0,0,56.48
2020-05-24,LY,,,,,,,,,,,,,,,,0,,
2020-05-24,MA,3,3,2,3,2,2,2,4,1,2,0,0,2,2,2,0,0,93.52
2020-05-24,MD,3,2,2,4,2,1,2,4,1,1,,,1,2,2,,,80.56
2020-05-24,MG,,,,,,,,,,,,,,,,,,
2020-05-24,ML,3,1,2,3,0,0,0,4,1,1,0,0,2,1,2,0,0,56.48
2020-05-24,MM,,,,,,,,,,,,,,,,,,
2020-05-24,MN,,,,,,,,,,,,,,,,,,
2020-05-24,MO,2,0,2,0,0,0,0,3,1,2,0,0,2,1,2,0,0,37.96
2020-05-24,MR,,,,,,,,,,,,,,,,,,
2020-05-24,MU,3,,2,3,1,2,1,,,,,,,,,,,
2020-05-24,MW,,,,,,,,,,,,,,,,,,
2020-05-24,MX,,,,,,,,,,,,,,,,,,
2020-05-24,MY,,,,,,,,,,,,,,,,,,
2020-05-24,MZ,3,0,2,3,0,1,0,4,0,0,0,0,2,1,2,0,0,56.48
2020-05-24,"NA",3,2,2,4,0,1,0,4,2,1,0,0,2,1,2,0,0,66.67
2020-05-24,NE,,,,,,,,,,,,,,,,,,
2020-05-24,NG,3,2,2,3,1,1,2,4,0,0,0,0,2,1,2,0,0,80.56
2020-05-24,NI,0,0,0,0,0,0,0,0,0,0,0,0,2,1,1,0,0,11.11
2020-05-24,NL,,,,,,,,,,,,,,,,,,
2020-05-24,NO,,,,,,,,,,,,,,,,,,
2020-05-24,NP,3,2,2,4,2,2,2,,,,,0,,,,,,
2020-05-24,NZ,,,,,,,,,,,,,2,2,2,0,0,
2020-05-24,OM,3,2,2,4,2,1,2,4,2,0,0,0,2,2,2,0,0,84.26
2020-05-24,PA,3,2,,,,2,,,,,,,,,,,,
2020-05-24,PE,,,,,,,,,,,,,,,,,,
2020-05-24,PG,,,,,,,,,,,,,,,,,,
2020-05-24,PH,3,3,2,4,2,2,2,3,1,0,0,0,2,2,2,0,0,93.52
2020-05-24,PK,,,,,,,,,,,,,,,,,,
2020-05-24,PL,,,,,,,,,,,,,,,,,,
2020-05-24,PR,3,2,2,4,2,2,2,2,1,2,0,0,2,1,2,0,0,87.04
2020-05-24,PS,,,,,,,,,,,,,,,,,,
2020-05-24,PT,2,2,2,3,1,1,1,3,1,1,0,0,2,3,1,0,0,68.52
2020-05-24,PY,,,,,,,,,,,,,,,,,,
2020-05-24,QA,3,2,2,4,2,2,1,4,2,0,0,0,2,1,2,0,0,87.04
2020-05-24,RO,,,,,,,,,,,,,,,,,,
2020-05-24,RS,,,,,,,,,,,,,,,,,,
2020-05-24,RU,3,2,2,4,1,3,2,4,0,2,0,0,2,3,2,0,0,78.24
2020-05-24,RW,,,,,,,,,,,,,,,,,,
2020-05-24,SA,3,2,2,4,2,3,2,4,2,1,0,0,2,2,2,0,0,91.67
2020-05-24,SB,2,2,2,0,0,2,2,3,,,,,,,,,,
2020-05-24,SC,,,,,,,,,,,,,,,,,,
2020-05-24,SD,,,,,,,,,,,,,,,,,,
2020-05-24,SE,,,,,,,,3,,1,,,,,,,,
2020-05-24,SG,,,,,,,,,,,,,,,,,,
2020-05-24,SI,,,,,,,,,1,,,,,,,,,
2020-05-24,SK,,,,,,,,,,,,,,,,,,
2020-05-24,SL,3,0,2,3,1,1,2,4,0,0,0,0,2,2,2,0,0,73.15
2020-05-24,SM,,,,,,,,,,,,,,,,,,
2020-05-24,SN,3,0,2,2,0,0,2,4,1,2,0,0,2,2,2,0,0,61.11
2020-05-24,SO,,,,,,,,,,,,,,,,,,
2020-05-24,SR,,,,,,,,,,,,,,,,,,
2020-05-24,SS,,,,,,,,,,,,,,,,,,
2020-05-24,SV,,,,,,,,,,,,,,,,,,
2020-05-24,SY,3,2,2,3,2,2,2,3,0,0,0,0,2,1,0,0,0,79.63
2020-05-24,SZ,,,,,,,,,,,,,,,,,,
2020-05-24,TD,,,,,,,,,,,,,,,,,,
2020-05-24,TH,,,,,,,,,,,,,,,,,,
2020-05-24,TL,3,2,2,4,0,2,0,4,,,,,,,,,,59.26
2020-05-24,TN,2,2,2,4,1,1,2,,1,2,0,,2,1,2,0,0,68.52
2020-05-24,TR,,,,,,,,,,,,,,,,,,
2020-05-24,TT,,,,,,,,,,,,,,,,,,
2020-05-24,TW,0,0,0,0,0,0,0,4,1,0,0,0,2,3,2,0,0,22.22
2020-05-24,TZ,2,0,2,3,0,0,0,4,0,0,0,0,2,0,1,0,0,46.3
2020-05-24,UA,,,,,,,,,,,,,,,,,,
2020-05-24,UG,,,,,,,,,,,,,,,,,,
2020-05-24,US,,,,,,,,,,,,,,,,,,
2020-05-24,UY,3,1,2,0,1,1,2,4,1,2,0,0,2,1,1,0,0,66.67
2020-05-24,UZ,,,,,,,,,,,,,,,,,,
2020-05-24,VE,,,,,,,,,,,,,,,,,,
2020-05-24,VN,0,2,2,3,1,0,2,4,1,0,0,0,2,3,2,0,0,65.74
2020-05-24,XK,,,,,,,,,,,,,,,,,,
2020-05-24,YE,,,,,,,,,,,,,,,,,,
2020-05-24,ZA,,,,,,,,,,,,,,,,,,
2020-05-24,ZM,,,,,,,,,,,,,,,,,,
2020-05-24,ZW,,,,,,,,,,,,,,,,,,
2020-05-25,AD,,,,,,,,,,,,,,3,1,,,
2020-05-25,AE,3,,,,,,,,,,,,,,,,,
2020-05-25,AF,,,,,,,,,,,,,,,,,,
2020-05-25,AL,2,2,2,4,2,2,2,4,2,1,0,0,2,2,1,0,0,83.33
2020-05-25,AO,3,2,2,3,1,2,2,4,0,2,0,0,2,2,0,0,0,81.48
2020-05-25,AR,,,,,,,,,,,,,,,,,,
2020-05-25,AT,1,2,2,3,0,0,1,2,2,2,0,0,2,2,2,0,0,52.78
2020-05-25,AU,,,,,,,,,,,,,,,,,,
2020-05-25,AW,,,,,,2,2,3,,,,,,,,,,
2020-05-25,AZ,,,,,0,,,4,2,,,,,,,,,
2020-05-25,BA,,,,,,,,,,,,,,,,,,
2020-05-25,BB,3,2,2,4,1,2,2,2,1,1,0,0,2,2,2,0,0,81.48
2020-05-25,BD,,,,,,,,,,,,,,,,,,
2020-05-25,BE,,,,,,,,,,,,,,,,,,
2020-05-25,BF,,,,,,,,,,,,,,,,,,
2020-05-25,BG,,,,,,,,,,,,,,,,,,
2020-05-25,BH,,,,,,,,,,,,,,,,,,
2020-05-25,BI,,,,,,,,,,,,,,,,,,
2020-05-25,BJ,,,,,,,,,,,,,,,,,,
2020-05-25,BM,,,,,,,,,,,,,,,,,,
2020-05-25,BN,,,,,,,,,,,,,,,,,,
2020-05-25,BO,3,3,2,4,1,2,2,4,1,1,0,0,2,0,1,0,0,87.96
2020-05-25,BR,,,,,,,,4,1,,,,,2,,,,
2020-05-25,BT,3,2,1,4,1,0,2,4,1,2,0,0,2,1,2,0,0,74.07
2020-05-25,BW,3,1,1,3,0,1,2,4,1,2,0,0,2,1,1,0,0,61.11
2020-05-25,BY,,,,,,,,,,,,,,,,,,
2020-05-25,BZ,,,,,,,,,,,,,,,,,,
2020-05-25,CA,,,,,,,,,,,,,,,,,,
2020-05-25,CD,,,,,,,,,,,,,,,,,,
2020-05-25,CF,,,,,,,,,,,,,,,,,,
2020-05-25,CG,,,,,,,,,,,,,,,,,,
2020-05-25,CH,,,,,,,,,,,,,,,,,,
2020-05-25,CI,0,2,2,2,1,1,2,4,,,,,,,,,,
2020-05-25,CL,,,,,,,,,,1,,,,,,,,
2020-05-25,CM,,,,,,,,,,,,,,,,,,
2020-05-25,CN,,,,,,,,,,,,,,,,,,
2020-05-25,CO,3,2,2,4,1,2,2,,,,,,,,,,,
2020-05-25,CR,,,,,,,,,,,,,,,,,,
2020-05-25,CU,,,,,,,,,,,,,,,,,,
2020-05-25,CV,,,,,,,,,,,,,2,3,2,0,0,
2020-05-25,CY,,,,,,,,,,,,,,,,,,
2020-05-25,CZ,,,,,,,,,,,,,,,,,,
2020-05-25,DE,,,,,,,,,,,,,,,,,,
2020-05-25,DJ,,,,,,,,,,,,,,,,,,
2020-05-25,DK,,,,3,1,1,,,,,,,,,,,,
2020-05-25,DM,,,,,,,,,,,,,,,,,,
2020-05-25,DO,,,,,,,,,,,,,,,,,,
2020-05-25,DZ,,,,,,,,,,,,,,,,,,
2020-05-25,EC,,,,,,,,,,,,,,,,,,
2020-05-25,EE,0,2,2,4,0,2,0,2,0,2,0,0,2,2,0,0,0,52.31
2020-05-25,EG,,,,,,,,,,,,,,,,,,
2020-05-25,ES,,,,,,,,,2,,,,,,,,,
2020-05-25,ET,,,,,,,,,,,,,,,,,,
2020-05-25,FI,,,,,,,,,,,,,,,,,,
2020-05-25,FR,2,2,2,3,1,1,2,4,2,2,0,0,,2,2,,,
2020-05-25,GA,,,,,,,,,,,,,,,,,,
2020-05-25,GB,3,2,2,4,1,1,1,0,2,2,0,0,2,1,0,0,0,66.67
2020-05-25,GE,3,2,2,3,2,1,2,4,1,1,0,0,2,2,2,0,0,86.11
2020-05-25,GH,3,1,2,3,1,0,0,4,0,2,0,0,2,3,2,0,0,62.04
2020-05-25,GL,2,,1,,,1,1,4,0,0,0,0,2,3,2,0,0,
2020-05-25,GM,3,2,2,4,1,1,1,4,0,0,0,0,2,3,1,0,0,77.78
2020-05-25,GN,3,3,2,3,1,0,2,4,0,0,0,0,2,2,1,0,0,73.15
2020-05-25,GR,,,,,,,,,,,,,,,,,,
2020-05-25,GT,,,,,,,,,,,,,,,,,,
2020-05-25,GU,3,3,2,4,,1,,3,,,,,,,,,,
2020-05-25,GY,,3,2,4,1,2,2,4,,,,,,,,,,
2020-05-25,HK,,,,,,,,,,,,,,,,,,
2020-05-25,HN,,,,,,,,,,,,,,,,,,
2020-05-25,HR,2,1,2,3,1,1,2,0,,,,,,,,,,
2020-05-25,HU,,,,,,,,,,,,,,,,,,
2020-05-25,ID,,,,,,,,,,,,,,,,,,
2020-05-25,IE,3,2,2,4,2,1,1,2,2,2,0,0,2,2,1,0,0,77.78
2020-05-25,IL,2,2,2,2,1,2,2,4,1,2,0,0,2,1,2,0,0,75
2020-05-25,IN,3,2,2,4,2,2,2,3,1,2,0,0,2,3,2,0,0,79.17
2020-05-25,IQ,3,2,2,4,1,2,2,4,1,1,0,0,2,2,0,0,0,82.41
2020-05-25,IR,2,2,2,1,2,1,2,0,1,2,0,0,2,2,2,0,0,55.56
2020-05-25,IS,2,2,2,3,0,0,0,3,2,2,0,0,2,3,1,0,0,53.7
2020-05-25,IT,3,,,,,,,,,,,,,,,,,
2020-05-25,JM,3,1,2,4,1,2,2,3,1,1,0,0,2,1,1,0,0,80.56
2020-05-25,JO,,,,,,,,,,,,,,,,,,
2020-05-25,JP,3,0,,0,0,0,0,3,1,0,,0,2,1,1,0,0,
2020-05-25,KE,,,,,,3,,,,,,,,,,,,
2020-05-25,KG,3,2,2,4,2,2,2,4,1,1,0,0,1,1,1,0,0,79.17
2020-05-25,KR,,,,,,,,,,1,,,,,,,,
2020-05-25,KW,,,,,,,,,,,,,,,,,,
2020-05-25,KZ,,,,,,,,,,,,,,,,,,
2020-05-25,LA,,,,,,,,,,,,,,,,,,
2020-05-25,LB,,,,,,,,,,,,,,,,,,
2020-05-25,LK,,,,,,,,,,,,,,,,,,
2020-05-25,LR,3,,,,,2,2,,,,,,,,,,,
2020-05-25,LS,,,,,,,,,,,,,,,,,,
2020-05-25,LT,2,2,2,4,1,1,1,3,2,1,0,0,2,2,2,0,0,71.3
2020-05-25,LU,0,1,1,3,1,1,1,0,2,2,0,0,2,3,2,0,0,43.52
2020-05-25,LY,,,,,,,,,,,,,,,,0,,
2020-05-25,MA,3,3,2,3,2,2,2,4,1,2,0,0,2,2,2,0,0,93.52
2020-05-25,MD,3,2,2,4,2,1,2,4,1,1,,,1,2,2,,,80.56
2020-05-25,MG,,,,,,,,,,,,,,,,,,
2020-05-25,ML,3,1,2,3,0,0,0,4,1,1,0,0,2,1,2,0,0,56.48
2020-05-25,MM,,,,,,,,,,,,,,,,,,
2020-05-25,MN,,,,,,,,,,,,,,,,,,
2020-05-25,MO,2,0,2,0,0,0,0,3,1,2,0,0,2,1,2,0,0,37.96
2020-05-25,MR,,,,,,,,,,,,,,,,,,
2020-05-25,MU,3,,2,3,1,2,1,,,,,,,,,,,
2020-05-25,MW,,,,,,,,,,,,,,,,,,
2020-05-25,MX,,,,,,,,,,,,,,,,,,
2020-05-25,MY,,,,,,,,,,,,,,,,,,
2020-05-25,MZ,3,0,2,3,0,1,0,4,0,0,0,0,2,1,2,0,0,56.48
2020-05-25,"NA",3,2,2,4,0,1,0,4,2,1,0,0,2,1,2,0,0,66.67
2020-05-25,NE,,,,,,,,,,,,,,,,,,
2020-05-25,NG,3,2,2,3,1,1,2,4,0,0,0,0,2,1,2,0,0,80.56
2020-05-25,NI,0,0,0,0,0,0,0,0,0,0,0,0,2,1,1,0,0,11.11
2020-05-25,NL,,,,,,,,,,,,,,,,,,
2020-05-25,NO,,,,,,,,,,,,,,,,,,
2020-05-25,NP,3,2,2,4,2,2,2,,,,,0,,,,,,
2020-05-25,NZ,,,,,,,,,,,,,2,2,2,0,0,
2020-05-25,OM,3,2,2,4,2,1,2,4,2,0,0,0,2,2,2,0,0,84.26
2020-05-25,PA,3,2,,,,2,,,,,,,,,,,,
2020-05-25,PE,,,,,,,,,,,,,,,,,,
2020-05-25,PG,,,,,,,,,,,,,,,,,,
2020-05-25,PH,,,,,,,,,,,,,,,,,,
2020-05-25,PK,,,,,,,,,,,,,,,,,,
2020-05-25,PL,,,,,,,,,,,,,,,,,,
2020-05-25,PR,3,2,2,4,2,2,2,2,1,2,0,0,2,1,2,0,0,87.04
2020-05-25,PS,,,,,,,,,,,,,,,,,,
2020-05-25,PT,2,2,2,3,1,1,1,3,1,,,,,,,,,
2020-05-25,PY,,,,,,,,,,,,,,,,,,
2020-05-25,QA,3,2,2,4,2,2,1,4,2,0,0,0,2,1,2,0,0,87.04
2020-05-25,RO,,,,,,,,,,,,,,,,,,
2020-05-25,RS,,,,,,,,,,,,,,,,,,
2020-05-25,RU,3,2,2,4,1,3,2,4,0,2,0,0,2,3,2,0,0,78.24
2020-05-25,RW,,,,,,,,,,,,,,,,,,
2020-05-25,SA,3,2,2,4,2,3,2,4,2,1,0,0,2,2,2,0,0,91.67
2020-05-25,SB,2,2,2,0,0,2,2,3,,,,,,,,,,
2020-05-25,SC,,,,,,,,,,,,,,,,,,
2020-05-25,SD,,,,,,,,,,,,,,,,,,
2020-05-25,SE,,,,,,,,3,,1,,,,,,,,
2020-05-25,SG,,,,,,,,,,,,,,,,,,
2020-05-25,SI,,,,,,,,,1,,,,,,,,,
2020-05-25,SK,,,,,,,,,,,,,,,,,,
2020-05-25,SL,3,0,2,3,1,1,2,4,0,0,0,0,2,2,2,0,0,73.15
2020-05-25,SM,,,,,,,,,,,,,,,,,,
2020-05-25,SN,3,0,2,2,0,0,2,4,,2,,,,,,,,
2020-05-25,SO,,,,,,,,,,,,,,,,,,
2020-05-25,SR,,,,,,,,,,,,,,,,,,
2020-05-25,SS,,,,,,,,,,,,,,,,,,
2020-05-25,SV,,,,,,,,,,,,,,,,,,
2020-05-25,SY,3,2,2,3,2,2,2,3,0,0,0,0,2,1,0,0,0,79.63
2020-05-25,SZ,,,,,,,,,,,,,,,,,,
2020-05-25,TD,,,,,,,,,,,,,,,,,,
2020-05-25,TH,,,,,,,,,,,,,,,,,,
2020-05-25,TL,3,2,2,4,0,2,0,4,,,,,,,,,,59.26
2020-05-25,TN,,,,,,,,,,,,,,,,,,
2020-05-25,TR,,,,,,,,,,,,,,,,,,
2020-05-25,TT,,,,,,,,,,,,,,,,,,
2020-05-25,TW,0,0,0,0,0,0,0,4,1,0,0,0,2,3,2,0,0,22.22
2020-05-25,TZ,2,0,2,3,0,0,0,4,0,0,0,0,2,0,1,0,0,46.3
2020-05-25,UA,,,,,,,,,,,,,,,,,,
2020-05-25,UG,,,,,,,,,,,,,,,,,,
2020-05-25,US,,,,,,,,,,,,,,,,,,
2020-05-25,UY,3,1,2,0,1,1,2,4,1,2,0,0,2,1,1,0,0,66.67
2020-05-25,UZ,,,,,,,,,,,,,,,,,,
2020-05-25,VE,,,,,,,,,,,,,,,,,,
2020-05-25,VN,,,,,,,,,,,,,,,,,,
2020-05-25,XK,,,,,,,,,,,,,,,,,,
2020-05-25,YE,,,,,,,,,,,,,,,,,,
2020-05-25,ZA,,,,,,,,,,,,,,,,,,
2020-05-25,ZM,,,,,,,,,,,,,,,,,,
2020-05-25,ZW,,,,,,,,,,,,,,,,,,
2020-05-26,AD,,,,,,,,,,,,,,,,,,
2020-05-26,AE,3,,,,,,,,,,,,,,,,,
2020-05-26,AF,,,,,,,,,,,,,,,,,,
2020-05-26,AL,,,,,,,,,,,,,,,,,,
2020-05-26,AO,,,,,,,,,,,,,,,,,,
2020-05-26,AR,,,,,,,,,,,,,,,,,,
2020-05-26,AT,,,,,,,,2,2,,0,,2,2,2,,,
2020-05-26,AU,,,,,,,,,,,,,,,,,,
2020-05-26,AW,,,,,,2,2,3,,,,,,,,,,
2020-05-26,AZ,,,,,,,,4,2,,,,,,,,,
2020-05-26,BA,,,,,,,,,,,,,,,,,,
2020-05-26,BB,,,,,,,,,,,,,,,,,,
2020-05-26,BD,,,,,,,,,,,,,,,,,,
2020-05-26,BE,,,,,,,,,,,,,,,,,,
2020-05-26,BF,,,,,,,,,,,,,,,,,,
2020-05-26,BG,,,,,,,,,,,,,,,,,,
2020-05-26,BH,,,,,,,,,,,,,,,,,,
2020-05-26,BI,,,,,,,,,,,,,,,,,,
2020-05-26,BJ,,,,,,,,,,,,,,,,,,
2020-05-26,BM,,,,,,,,,,,,,,,,,,
2020-05-26,BN,,,,,,,,,,,,,,,,,,
2020-05-26,BO,3,3,2,4,1,2,2,4,1,1,0,0,2,0,1,0,0,87.96
2020-05-26,BR,,,,,,,,4,1,,,,,,,,,
2020-05-26,BT,,,1,,,0,,,,,,,,,,,,
2020-05-26,BW,,,,,,,,,,,,,,,,,,
2020-05-26,BY,,,,,,,,,,,,,,,,,,
2020-05-26,BZ,,,,,,,,,,,,,,,,,,
2020-05-26,CA,,,,,,,,,,,,,,,,,,
2020-05-26,CD,,,,,,,,,,,,,,,,,,
2020-05-26,CF,,,,,,,,,,,,,,,,,,
2020-05-26,CG,,,,,,,,,,,,,,,,,,
2020-05-26,CH,,,,,,,,,,,,,,,,,,
2020-05-26,CI,0,2,2,2,1,1,2,4,,,,,,,,,,
2020-05-26,CL,,,,,,,,,,1,,,,,,,,
2020-05-26,CM,,,,,,,,,,,,,,,,,,
2020-05-26,CN,,,,,,,,,,,,,,,,,,
2020-05-26,CO,,,,,,,,,,,,,,,,,,
2020-05-26,CR,,,,,,,,,,,,,,,,,,
2020-05-26,CU,,,,,,,,,,,,,,,,,,
2020-05-26,CV,,,,,,,,,,,,,2,3,2,0,0,
2020-05-26,CY,,,,,,,,,,,,,,,,,,
2020-05-26,CZ,,,,,,,,,,,,,,,,,,
2020-05-26,DE,,,,,,,,,,,,,,,,,,
2020-05-26,DJ,,,,,,,,,,,,,,,,,,
2020-05-26,DK,,,,3,1,1,,,,,,,,,,,,
2020-05-26,DM,,,,,,,,,,,,,,,,,,
2020-05-26,DO,,,,,,,,,,,,,,,,,,
2020-05-26,DZ,,,,,,,,,,,,,,,,,,
2020-05-26,EC,,,,,,,,,,,,,,,,,,
2020-05-26,EE,0,2,2,4,0,2,0,2,0,2,0,0,2,2,0,0,0,52.31
2020-05-26,EG,,,,,,,,,,,,,,,,,,
2020-05-26,ES,,,,,,,,,2,,,,,,,,,
2020-05-26,ET,,,,,,,,,,,,,,,,,,
2020-05-26,FI,,,,,,,,,,,,,,,,,,
2020-05-26,FR,,,,,,,,,,,,,,,,,,
2020-05-26,GA,,,,,,,,,,,,,,,,,,
2020-05-26,GB,3,2,2,4,1,1,1,0,2,2,0,0,2,1,0,0,0,66.67
2020-05-26,GE,,,,,,,,,,,,,,,,,,
2020-05-26,GH,,,,,,,,,,,,,,,,,,
2020-05-26,GL,2,,1,,,1,1,4,0,0,0,0,2,3,2,0,0,
2020-05-26,GM,,,,,,,,,,,,,,,,,,
2020-05-26,GN,3,3,2,3,1,0,2,4,0,0,0,0,2,2,1,0,0,73.15
2020-05-26,GR,,,,,,,,,,,,,,,,,,
2020-05-26,GT,,,,,,,,,,,,,,,,,,
2020-05-26,GU,3,3,2,4,,1,,3,,,,,,,,,,
2020-05-26,GY,,3,2,4,1,2,2,4,,,,,,,,,,
2020-05-26,HK,,,,,,,,,,,,,,,,,,
2020-05-26,HN,,,,,,,,,,,,,,,,,,
2020-05-26,HR,,,,,,,,,,,,,,,,,,
2020-05-26,HU,,,,,,,,,,,,,,,,,,
2020-05-26,ID,,,,,,,,,,,,,,,,,,
2020-05-26,IE,,,,,,,,,,,,,,,,,,
2020-05-26,IL,,,,,,,,,,,,,,,,,,
2020-05-26,IN,3,2,2,4,2,2,2,3,,2,,,2,3,2,0,0,79.17
2020-05-26,IQ,,,,,,,,,,,,,,,,,,
2020-05-26,IR,,,,,,,,,,,,,,,,,,
2020-05-26,IS,2,2,2,3,0,0,0,3,2,2,0,0,2,3,1,0,0,53.7
2020-05-26,IT,,,,,,,,,,,,,,,,,,
2020-05-26,JM,,,,,,,2,,1,,,,,,,,,
2020-05-26,JO,,,,,,,,,,,,,,,,,,
2020-05-26,JP,,0,,,,0,0,,,,,,,,,,,
2020-05-26,KE,,,,,,3,,,,,,,,,,,,
2020-05-26,KG,3,2,2,4,2,2,2,4,1,1,0,0,1,1,1,0,0,79.17
2020-05-26,KR,,,,,,,,,,1,,,,,,,,
2020-05-26,KW,,,,,,,,,,,,,,,,,,
2020-05-26,KZ,,,,,,,,,,,,,,,,,,
2020-05-26,LA,,,,,,,,,,,,,,,,,,
2020-05-26,LB,,,,,,,,,,,,,,,,,,
2020-05-26,LK,,,,,,,,,,,,,,,,,,
2020-05-26,LR,3,,,,,2,2,,,,,,,,,,,
2020-05-26,LS,,,,,,,,,,,,,,,,,,
2020-05-26,LT,2,2,2,4,1,1,1,3,2,1,0,0,2,2,2,0,0,71.3
2020-05-26,LU,,,,,,,,,,,,,,,,,,
2020-05-26,LY,,,,,,,,,,,,,,,,0,,
2020-05-26,MA,3,3,2,3,2,2,2,4,1,2,0,0,2,2,2,0,0,93.52
2020-05-26,MD,3,2,2,4,2,1,2,4,1,1,,,1,2,2,,,80.56
2020-05-26,MG,,,,,,,,,,,,,,,,,,
2020-05-26,ML,,,,,,,,,,,,,,,,,,
2020-05-26,MM,,,,,,,,,,,,,,,,,,
2020-05-26,MN,,,,,,,,,,,,,,,,,,
2020-05-26,MO,2,0,2,0,0,0,0,3,1,2,0,0,2,1,2,0,0,37.96
2020-05-26,MR,,,,,,,,,,,,,,,,,,
2020-05-26,MU,3,,2,3,1,2,1,,,,,,,,,,,
2020-05-26,MW,,,,,,,,,,,,,,,,,,
2020-05-26,MX,,,,,,,,,,,,,,,,,,
2020-05-26,MY,,,,,,,,,,,,,,,,,,
2020-05-26,MZ,3,0,2,3,0,1,0,4,,,,,,,,,,
2020-05-26,"NA",,,,,,,,,,,,,,,,,,
2020-05-26,NE,,,,,,,,,,,,,,,,,,
2020-05-26,NG,,,,,,,,,,,,,,,,,,
2020-05-26,NI,,,,,,,,,,,,,,,,,,
2020-05-26,NL,,,,,,,,,,,,,,,,,,
2020-05-26,NO,,,,,,,,,,,,,,,,,,
2020-05-26,NP,,2,,4,,,,,,,,0,,,,,,
2020-05-26,NZ,,,,,,,,,,,,,2,2,2,0,0,
2020-05-26,OM,,,,,,,,,,,,,,,,,,
2020-05-26,PA,,,,,,,,,,,,,,,,,,
2020-05-26,PE,,,,,,,,,,,,,,,,,,
2020-05-26,PG,,,,,,,,,,,,,,,,,,
2020-05-26,PH,,,,,,,,,,,,,,,,,,
2020-05-26,PK,,,,,,,,,,,,,,,,,,
2020-05-26,PL,,,,,,,,,,,,,,,,,,
2020-05-26,PR,,,,,,,,,,,,,,,,,,
2020-05-26,PS,,,,,,,,,,,,,,,,,,
2020-05-26,PT,,2,,,,,,,1,,,,,,,,,
2020-05-26,PY,,,,,,,,,,,,,,,,,,
2020-05-26,QA,,,,,,,,,,,,,,,,,,
2020-05-26,RO,,,,,,,,,,,,,,,,,,
2020-05-26,RS,,,,,,,,,,,,,,,,,,
2020-05-26,RU,,,,,,,,,,,,,,,,,,
2020-05-26,RW,,,,,,,,,,,,,,,,,,
2020-05-26,SA,,,,,,3,,,,,,,,,,,,
2020-05-26,SB,2,2,2,0,0,2,2,3,,,,,,3,,,,
2020-05-26,SC,,,,,,,,,,,,,,,,,,
2020-05-26,SD,,,,,,,,,,,,,,,,,,
2020-05-26,SE,,,,,,,,3,,1,,,,,,,,
2020-05-26,SG,,,,,,,,,,,,,,,,,,
2020-05-26,SI,,,,,,,,,1,,,,,,,,,
2020-05-26,SK,,,,,,,,,,,,,,,,,,
2020-05-26,SL,3,0,2,3,1,1,2,4,0,0,0,0,2,2,2,0,0,73.15
2020-05-26,SM,,,,,,,,,,,,,,,,,,
2020-05-26,SN,,,,,,,,,,2,,,,,,,,
2020-05-26,SO,,,,,,,,,,,,,,,,,,
2020-05-26,SR,,,,,,,,,,,,,,,,,,
2020-05-26,SS,,,,,,,,,,,,,,,,,,
2020-05-26,SV,,,,,,,,,,,,,,,,,,
2020-05-26,SY,3,2,2,3,2,2,0,3,0,0,0,0,2,1,0,0,0,71.3
2020-05-26,SZ,,,,,,,,,,,,,,,,,,
2020-05-26,TD,,,,,,,,,,,,,,,,,,
2020-05-26,TH,,,,,,,,,,,,,,,,,,
2020-05-26,TL,3,2,2,4,0,2,0,4,,,,,,,,,,59.26
2020-05-26,TN,,,,,,,,,,,,,,,,,,
2020-05-26,TR,,,,,,,,,,,,,,,,,,
2020-05-26,TT,,,,,,,,,,,,,,,,,,
2020-05-26,TW,,,,,,,,,,,,,,,,,,
2020-05-26,TZ,2,0,2,3,0,0,0,4,0,0,0,0,2,0,1,0,0,46.3
2020-05-26,UA,,,,,,,,,,,,,,,,,,
2020-05-26,UG,,,,,,,,,,,,,,,,,,
2020-05-26,US,,,,,,,,,,,,,,,,,,
2020-05-26,UY,,,,,,,,,,,,,,,,,,
2020-05-26,UZ,,,,,,,,,,,,,,,,,,
2020-05-26,VE,,,,,,,,,,,,,,,,,,
2020-05-26,VN,,,,,,,,,,,,,,,,,,
2020-05-26,XK,,,,,,,,,,,,,,,,,,
2020-05-26,YE,,,,,,,,,,,,,,,,,,
2020-05-26,ZA,,,,,,,,,,,,,,,,,,
2020-05-26,ZM,,,,,,,,,,,,,,,,,,
2020-05-26,ZW,,,,,,,,,,,,,,,,,,
2020-05-27,AD,,,,,,,,,,,,,,,,,,
2020-05-27,AE,3,,,,,,,,,,,,,,,,,
2020-05-27,AF,,,,,,,,,,,,,,,,,,
2020-05-27,AL,,,,,,,,,,,,,,,,,,
2020-05-27,AO,,,,,,,,,,,,,,,,,,
2020-05-27,AR,,,,,,,,,,,,,,,,,,
2020-05-27,AT,,,,,,,,2,2,,0,,,,,,,
2020-05-27,AU,,,,,,,,,,,,,,,,,,
2020-05-27,AW,,,,,,2,2,3,,,,,,,,,,
2020-05-27,AZ,,,,,,,,4,2,,,,,,,,,
2020-05-27,BA,,,,,,,,,,,,,,,,,,
2020-05-27,BB,,,,,,,,,,,,,,,,,,
2020-05-27,BD,,,,,,,,,,,,,,,,,,
2020-05-27,BE,,,,,,,,,,,,,,,,,,
2020-05-27,BF,,,,,,,,,,,,,,,,,,
2020-05-27,BG,,,,,,,,,,,,,,,,,,
2020-05-27,BH,,,,,,,,,,,,,,,,,,
2020-05-27,BI,,,,,,,,,,,,,,,,,,
2020-05-27,BJ,,,,,,,,,,,,,,,,,,
2020-05-27,BM,,,,,,,,,,,,,,,,,,
2020-05-27,BN,,,,,,,,,,,,,,,,,,
2020-05-27,BO,3,3,2,4,1,2,2,4,1,1,0,0,2,0,1,0,0,87.96
2020-05-27,BR,,,,,,,,4,1,,,,,,,,,
2020-05-27,BT,,,,,,,,,,,,,,,,,,
2020-05-27,BW,,,,,,,,,,,,,,,,,,
2020-05-27,BY,,,,,,,,,,,,,,,,,,
2020-05-27,BZ,,,,,,,,,,,,,,,,,,
2020-05-27,CA,,,,,,,,,,,,,,,,,,
2020-05-27,CD,,,,,,,,,,,,,,,,,,
2020-05-27,CF,,,,,,,,,,,,,,,,,,
2020-05-27,CG,,,,,,,,,,,,,,,,,,
2020-05-27,CH,,,,,,,,,,,,,,,,,,
2020-05-27,CI,,,,,,,,,,,,,,,,,,
2020-05-27,CL,,,,,,,,,,1,,,,,,,,
2020-05-27,CM,,,,,,,,,,,,,,,,,,
2020-05-27,CN,,,,,,,,,,,,,,,,,,
2020-05-27,CO,,,,,,,,,,,,,,,,,,
2020-05-27,CR,,,,,,,,,,,,,,,,,,
2020-05-27,CU,,,,,,,,,,,,,,,,,,
2020-05-27,CV,,,,,,,,,,,,,2,3,2,0,0,
2020-05-27,CY,,,,,,,,,,,,,,,,,,
2020-05-27,CZ,,,,,,,,,,,,,,,,,,
2020-05-27,DE,,,,,,,,,,,,,,,,,,
2020-05-27,DJ,,,,,,,,,,,,,,,,,,
2020-05-27,DK,,,,3,1,1,,,,,,,,,,,,
2020-05-27,DM,,,,,,,,,,,,,,,,,,
2020-05-27,DO,,,,,,,,,,,,,,,,,,
2020-05-27,DZ,,,,,,,,,,,,,,,,,,
2020-05-27,EC,,,,,,,,,,,,,,,,,,
2020-05-27,EE,,,,,,,,,,,,,,,,,,
2020-05-27,EG,,,,,,,,,,,,,,,,,,
2020-05-27,ES,,,,,,,,,2,,,,,,,,,
2020-05-27,ET,,,,,,,,,,,,,,,,,,
2020-05-27,FI,,,,,,,,,,,,,,,,,,
2020-05-27,FR,,,,,,,,,,,,,,,,,,
2020-05-27,GA,,,,,,,,,,,,,,,,,,
2020-05-27,GB,3,2,2,4,1,1,1,0,2,2,0,0,2,1,0,0,0,66.67
2020-05-27,GE,,,,,,,,,,,,,,,,,,
2020-05-27,GH,,,,,,,,,,,,,,,,,,
2020-05-27,GL,2,,1,,,1,1,4,0,0,0,0,2,3,2,0,0,
2020-05-27,GM,,,,,,,,,,,,,,,,,,
2020-05-27,GN,,,,,,,,,,,,,,,,,,
2020-05-27,GR,,,,,,,,,,,,,,,,,,
2020-05-27,GT,,,,,,,,,,,,,,,,,,
2020-05-27,GU,3,3,2,4,,1,,3,,,,,,,,,,
2020-05-27,GY,,3,2,4,1,2,2,4,,,,,,,,,,
2020-05-27,HN,,,,,,,,,,,,,,,,,,
2020-05-27,HR,,,,,,,,,,,,,,,,,,
2020-05-27,HU,,,,,,,,,,,,,,,,,,
2020-05-27,ID,,,,,,,,,,,,,,,,,,
2020-05-27,IE,,,,,,,,,,,,,,,,,,
2020-05-27,IL,,,,,,,,,,,,,,,,,,
2020-05-27,IN,3,2,2,4,2,2,2,3,,2,,,2,3,2,0,0,79.17
2020-05-27,IQ,,,,,,,,,,,,,,,,,,
2020-05-27,IR,,,,,,,,,,,,,,,,,,
2020-05-27,IS,2,2,2,3,0,0,0,3,2,2,0,0,2,3,1,0,0,53.7
2020-05-27,IT,,,,,,,,,,,,,,,,,,
2020-05-27,JM,,,,,,,2,,1,,,,,,,,,
2020-05-27,JO,,,,,,,,,,,,,,,,,,
2020-05-27,JP,,,,,,,,,,,,,,,,,,
2020-05-27,KE,,,,,,3,,,,,,,,,,,,
2020-05-27,KG,3,,,,2,,,,,,,,,,,,,
2020-05-27,KR,,,,,,,,,,1,,,,,,,,
2020-05-27,KW,,,,,,,,,,,,,,,,,,
2020-05-27,KZ,,,,,,,,,,,,,,,,,,
2020-05-27,LA,,,,,,,,,,,,,,,,,,
2020-05-27,LB,,,,,,,,,,,,,,,,,,
2020-05-27,LK,,,,,,,,,,,,,,,,,,
2020-05-27,LR,3,,,,,2,2,,,,,,,,,,,
2020-05-27,LS,,,,,,,,,,,,,,,,,,
2020-05-27,LT,2,2,2,4,1,1,1,3,,,,,2,2,2,0,0,71.3
2020-05-27,LU,,,,,,,,,,,,,,,,,,
2020-05-27,LY,,,,,,,,,,,,,,,,0,,
2020-05-27,MA,3,3,2,3,2,2,2,4,1,2,0,0,2,2,2,0,0,93.52
2020-05-27,MD,3,2,2,4,2,1,2,4,1,1,,,1,2,2,,,80.56
2020-05-27,MG,,,,,,,,,,,,,,,,,,
2020-05-27,ML,,,,,,,,,,,,,,,,,,
2020-05-27,MM,,,,,,,,,,,,,,,,,,
2020-05-27,MN,,,,,,,,,,,,,,,,,,
2020-05-27,MO,2,0,2,0,0,0,0,3,1,2,0,0,2,1,2,0,0,37.96
2020-05-27,MR,,,,,,,,,,,,,,,,,,
2020-05-27,MU,3,,2,3,1,2,1,,,,,,,,,,,
2020-05-27,MW,,,,,,,,,,,,,,,,,,
2020-05-27,MX,,,,,,,,,,,,,,,,,,
2020-05-27,MY,,,,,,,,,,,,,,,,,,
2020-05-27,MZ,3,0,2,3,0,1,0,4,,,,,,,,,,
2020-05-27,"NA",,,,,,,,,,,,,,,,,,
2020-05-27,NE,,,,,,,,,,,,,,,,,,
2020-05-27,NG,,,,,,,,,,,,,,,,,,
2020-05-27,NI,,,,,,,,,,,,,,,,,,
2020-05-27,NL,,,,,,,,,,,,,,,,,,
2020-05-27,NO,,,,,,,,,,,,,,,,,,
2020-05-27,NP,,,,,,,,,,,,,,,,,,
2020-05-27,NZ,,,,,,,,,,,,,2,2,2,0,0,
2020-05-27,OM,,,,,,,,,,,,,,,,,,
2020-05-27,PA,,,,,,,,,,,,,,,,,,
2020-05-27,PE,,,,,,,,,,,,,,,,,,
2020-05-27,PG,,,,,,,,,,,,,,,,,,
2020-05-27,PH,,,,,,,,,,,,,,,,,,
2020-05-27,PK,,,,,,,,,,,,,,,,,,
2020-05-27,PL,,,,,,,,,,,,,,,,,,
2020-05-27,PR,,,,,,,,,,,,,,,,,,
2020-05-27,PS,,,,,,,,,,,,,,,,,,
2020-05-27,PT,,2,,,,,,,1,,,,,,,,,
2020-05-27,PY,,,,,,,,,,,,,,,,,,
2020-05-27,QA,,,,,,,,,,,,,,,,,,
2020-05-27,RO,,,,,,,,,,,,,,,,,,
2020-05-27,RS,,,,,,,,,,,,,,,,,,
2020-05-27,RU,,,,,,,,,,,,,,,,,,
2020-05-27,RW,,,,,,,,,,,,,,,,,,
2020-05-27,SA,,,,,,3,,,,,,,,,,,,
2020-05-27,SB,2,2,2,0,0,2,2,3,0,0,0,0,1,3,0,0,0,49.07
2020-05-27,SC,,,,,,,,,,,,,,,,,,
2020-05-27,SD,,,,,,,,,,,,,,,,,,
2020-05-27,SE,,,,,,,,3,,1,,,,,,,,
2020-05-27,SG,,,,,,,,,,,,,,,,,,
2020-05-27,SI,,,,,,,,,1,,,,,,,,,
2020-05-27,SK,,,,,,,,,,,,,,,,,,
2020-05-27,SL,3,0,2,3,1,1,2,4,0,0,0,0,2,2,2,0,0,73.15
2020-05-27,SM,,,,,,,,,,,,,,,,,,
2020-05-27,SN,,,,,,,,,,2,,,,,,,,
2020-05-27,SO,,,,,,,,,,,,,,,,,,
2020-05-27,SR,,,,,,,,,,,,,,,,,,
2020-05-27,SS,,,,,,,,,,,,,,,,,,
2020-05-27,SV,,,,,,,,,,,,,,,,,,
2020-05-27,SY,3,2,2,3,2,2,0,3,0,0,0,0,2,1,0,0,0,71.3
2020-05-27,SZ,,,,,,,,,,,,,,,,,,
2020-05-27,TD,,,,,,,,,,,,,,,,,,
2020-05-27,TH,,,,,,,,,,,,,,,,,,
2020-05-27,TL,3,2,2,4,0,2,0,4,,,,,,,,,,59.26
2020-05-27,TN,,,,,,,,,,,,,,,,,,
2020-05-27,TR,,,,,,,,,,,,,,,,,,
2020-05-27,TT,,,,,,,,,,,,,,,,,,
2020-05-27,TW,,,,,,,,,,,,,,,,,,
2020-05-27,TZ,,,,,0,,,4,,,0,0,2,,,0,0,
2020-05-27,UA,,,,,,,,,,,,,,,,,,
2020-05-27,UG,,,,,,,,,,,,,,,,,,
2020-05-27,US,,,,,,,,,,,,,,,,,,
2020-05-27,UY,,,,,,,,,,,,,,,,,,
2020-05-27,UZ,,,,,,,,,,,,,,,,,,
2020-05-27,VE,,,,,,,,,,,,,,,,,,
2020-05-27,VN,,,,,,,,,,,,,,,,,,
2020-05-27,YE,,,,,,,,,,,,,,,,,,
2020-05-27,ZA,,,,,,,,,,,,,,,,,,
2020-05-27,ZM,,,,,,,,,,,,,,,,,,
2020-05-27,ZW,,,,,,,,,,,,,,,,,,
