key,date,new_hospitalized,total_hospitalized,current_hospitalized,new_intensive_care,total_intensive_care,current_intensive_care,new_ventilator,total_ventilator,current_ventilator
AU,2020-05-19,,,47,,,11,,,7
CH,2020-05-21,0,3788,,,,,,,
CH_AG,2020-05-20,1,11,,-2,2,,0,2,
CH_AI,2020-05-20,0,1,,,,,,,
CH_AR,2020-05-20,0,1,,0,1,,,,
CH_BE,2020-05-21,0,24,,0,3,,0,3,
CH_BL,2020-05-21,0,3,,0,0,,0,0,
CH_BS,2020-05-20,0,12,,0,3,,,,
CH_FR,2020-05-20,-3,12,,0,4,,,,
CH_GE,2020-05-21,-12,154,,-1,2,,0,0,
CH_GL,2020-05-20,0,2,,,,,,,
CH_GR,2020-05-19,0,4,,,,,,,
CH_JU,2020-05-20,0,3,,0,2,,,,
CH_LU,2020-05-20,-4,19,,-1,3,,,,
CH_NE,2020-05-20,0,11,,0,2,,0,1,
CH_NW,2020-05-20,0,0,,0,0,,,,
CH_OW,2020-05-20,0,0,,,,,,,
CH_SG,2020-05-20,3,11,,0,1,,,,
CH_SH,2020-05-20,-1,7,,-1,1,,,,
CH_SO,2020-05-21,0,6,,,,,,,
CH_SZ,2020-05-21,0,1,,,,,,,
CH_TG,2020-05-20,0,7,,0,4,,,,
CH_TI,2020-05-20,-1,53,,-1,4,,0,4,
CH_UR,2020-05-21,0,0,,,,,,,
CH_VD,2020-05-18,-5,55,,0,13,,,,
CH_VS,2020-05-20,0,28,,0,6,,0,4,
CH_ZG,2020-05-19,0,0,,0,0,,,,
CH_ZH,2020-05-20,-1,29,,,,,-2,4,
CO,2020-05-20,,,,,,176,,,
CZ,2020-05-18,,,169,,,36,,,
DK,2020-05-19,,,141,,,25,,,18
ES_AN,2020-12-05,,6114,,,750,,,,
ES_AR,2020-12-05,,2614,,,265,,,,
ES_AS,2020-12-05,,2239,,,151,,,,
ES_CB,2020-12-05,,1029,,,79,,,,
ES_CE,2020-12-05,,11,,,4,,,,
ES_CN,2020-12-05,,937,,,178,,,,
ES_EX,2020-12-05,,1754,,,109,,,,
ES_GA,2020-12-05,,2909,,,327,,,,
ES_IB,2020-12-05,,1131,,,171,,,,
ES_MC,2020-12-05,,666,,,112,,,,
ES_ML,2020-12-05,,44,,,3,,,,
ES_NC,2020-12-05,,2042,,,135,,,,
ES_PV,2020-12-05,,6955,,,575,,,,
ES_RI,2020-12-05,,1481,,,91,,,,
FR,2020-05-20,432,105612,,,,,,,
FR_ARA_01,2020-05-20,2,602,,,,,,,
FR_ARA_03,2020-05-20,4,227,,,,,,,
FR_ARA_07,2020-05-20,5,638,,,,,,,
FR_ARA_15,2020-05-20,0,70,,,,,,,
FR_ARA_26,2020-05-20,1,706,,,,,,,
FR_ARA_38,2020-05-20,3,852,,,,,,,
FR_ARA_42,2020-05-20,12,1341,,,,,,,
FR_ARA_43,2020-05-20,0,150,,,,,,,
FR_ARA_63,2020-05-20,2,249,,,,,,,
FR_ARA_69,2020-05-20,9,4136,,,,,,,
FR_ARA_73,2020-05-20,3,479,,,,,,,
FR_ARA_74,2020-05-20,1,1034,,,,,,,
FR_BFC_21,2020-05-20,5,1273,,,,,,,
FR_BFC_25,2020-05-20,1,781,,,,,,,
FR_BFC_58,2020-05-20,1,129,,,,,,,
FR_BFC_70,2020-05-20,0,362,,,,,,,
FR_BFC_71,2020-05-20,3,1092,,,,,,,
FR_BFC_89,2020-05-20,4,416,,,,,,,
FR_BFC_90,2020-05-20,5,710,,,,,,,
FR_BRE_22,2020-05-20,1,262,,,,,,,
FR_BRE_29,2020-05-20,0,232,,,,,,,
FR_BRE_35,2020-05-20,6,566,,,,,,,
FR_BRE_56,2020-05-20,4,482,,,,,,,
FR_COR_2A,2020-05-20,0,248,,,,,,,
FR_COR_2B,2020-05-20,0,154,,,,,,,
FR_CVL_18,2020-05-20,2,291,,,,,,,
FR_CVL_28,2020-05-20,7,722,,,,,,,
FR_CVL_36,2020-05-20,1,278,,,,,,,
FR_CVL_37,2020-05-20,2,498,,,,,,,
FR_CVL_41,2020-05-20,2,402,,,,,,,
FR_CVL_45,2020-05-20,2,834,,,,,,,
FR_GES_08,2020-05-20,0,342,,,,,,,
FR_GES_10,2020-05-20,3,925,,,,,,,
FR_GES_51,2020-05-20,0,1381,,,,,,,
FR_GES_52,2020-05-20,1,419,,,,,,,
FR_GES_54,2020-05-20,2,1608,,,,,,,
FR_GES_55,2020-05-20,1,658,,,,,,,
FR_GES_57,2020-05-20,13,3432,,,,,,,
FR_GES_67,2020-05-20,9,3396,,,,,,,
FR_GES_68,2020-05-20,18,3874,,,,,,,
FR_GES_88,2020-05-20,1,953,,,,,,,
FR_GF,2020-05-20,0,69,,,,,,,
FR_GUA,2020-05-20,0,122,,,,,,,
FR_HDF_02,2020-05-20,6,1396,,,,,,,
FR_HDF_59,2020-05-20,34,3185,,,,,,,
FR_HDF_60,2020-05-20,5,1615,,,,,,,
FR_HDF_62,2020-05-20,4,1867,,,,,,,
FR_HDF_80,2020-05-20,0,1067,,,,,,,
FR_IDF_75,2020-05-20,28,8822,,,,,,,
FR_IDF_77,2020-05-20,25,3384,,,,,,,
FR_IDF_78,2020-05-20,14,3011,,,,,,,
FR_IDF_91,2020-05-20,6,3182,,,,,,,
FR_IDF_92,2020-05-20,21,6207,,,,,,,
FR_IDF_93,2020-05-20,37,5369,,,,,,,
FR_IDF_94,2020-05-20,30,6077,,,,,,,
FR_IDF_95,2020-05-20,13,3527,,,,,,,
FR_LRE,2020-05-20,0,129,,,,,,,
FR_MAY,2020-05-20,3,262,,,,,,,
FR_MQ,2020-05-20,0,114,,,,,,,
FR_NAQ_16,2020-05-20,0,100,,,,,,,
FR_NAQ_17,2020-05-20,0,305,,,,,,,
FR_NAQ_19,2020-05-20,0,212,,,,,,,
FR_NAQ_23,2020-05-20,1,94,,,,,,,
FR_NAQ_24,2020-05-20,0,173,,,,,,,
FR_NAQ_33,2020-05-20,2,1299,,,,,,,
FR_NAQ_40,2020-05-20,0,91,,,,,,,
FR_NAQ_47,2020-05-20,0,89,,,,,,,
FR_NAQ_64,2020-05-20,0,263,,,,,,,
FR_NAQ_79,2020-05-20,0,112,,,,,,,
FR_NAQ_86,2020-05-20,0,188,,,,,,,
FR_NAQ_87,2020-05-20,0,172,,,,,,,
FR_NOR_14,2020-05-20,1,460,,,,,,,
FR_NOR_27,2020-05-20,5,329,,,,,,,
FR_NOR_50,2020-05-20,0,227,,,,,,,
FR_NOR_61,2020-05-20,0,286,,,,,,,
FR_NOR_76,2020-05-20,3,1051,,,,,,,
FR_OCC_09,2020-05-20,2,45,,,,,,,
FR_OCC_11,2020-05-20,2,420,,,,,,,
FR_OCC_12,2020-05-20,0,176,,,,,,,
FR_OCC_30,2020-05-20,9,430,,,,,,,
FR_OCC_31,2020-05-20,0,709,,,,,,,
FR_OCC_32,2020-05-20,0,140,,,,,,,
FR_OCC_34,2020-05-20,5,825,,,,,,,
FR_OCC_46,2020-05-20,0,194,,,,,,,
FR_OCC_48,2020-05-20,1,23,,,,,,,
FR_OCC_65,2020-05-20,0,197,,,,,,,
FR_OCC_66,2020-05-20,0,368,,,,,,,
FR_OCC_81,2020-05-20,0,151,,,,,,,
FR_OCC_82,2020-05-20,0,52,,,,,,,
FR_PAC_04,2020-05-20,0,155,,,,,,,
FR_PAC_05,2020-05-20,0,144,,,,,,,
FR_PAC_06,2020-05-20,6,941,,,,,,,
FR_PAC_13,2020-05-20,17,4228,,,,,,,
FR_PAC_83,2020-05-20,0,1044,,,,,,,
FR_PAC_84,2020-05-20,1,326,,,,,,,
FR_PDL_44,2020-05-20,0,822,,,,,,,
FR_PDL_49,2020-05-20,4,744,,,,,,,
FR_PDL_53,2020-05-20,1,225,,,,,,,
FR_PDL_72,2020-05-20,1,530,,,,,,,
FR_PDL_85,2020-05-20,4,309,,,,,,,
GB_ENG,2020-05-17,,,7553,,,,,,
GB_NIR,2020-05-15,,,629,,,,,,
GB_SCT,2020-05-17,,,1007,,,,,,
GB_WLS,2020-05-17,,,848,,,,,,
IE,2020-05-17,,3143,,,390,,,,
IS,2020-05-17,,,0,,,0,,,
IT,2020-05-21,-391,9909,10207,-36,640,665,,,
IT_21,2020-05-21,-47,1562,1609,-13,83,96,,,
IT_23,2020-05-21,1,27,26,0,1,1,,,
IT_25,2020-05-21,-167,4345,4512,-5,226,231,,,
IT_34,2020-05-21,-19,252,271,-1,15,16,,,
IT_36,2020-05-21,-4,74,78,0,2,2,,,
IT_42,2020-05-21,-27,305,332,0,22,22,,,
IT_45,2020-05-21,-38,684,722,-4,92,96,,,
IT_52,2020-05-21,-13,210,223,-4,41,45,,,
IT_55,2020-05-21,-8,19,27,0,2,2,,,
IT_57,2020-05-21,-14,127,141,0,16,16,,,
IT_62,2020-05-21,-15,1178,1193,-6,68,74,,,
IT_65,2020-05-21,-11,180,191,-1,5,6,,,
IT_67,2020-05-21,1,10,9,0,2,2,,,
IT_72,2020-05-21,-9,321,330,-3,9,12,,,
IT_75,2020-05-21,-7,256,263,-1,20,21,,,
IT_77,2020-05-21,-7,16,23,0,1,1,,,
IT_78,2020-05-21,-2,48,50,0,1,1,,,
IT_82,2020-05-21,-11,118,129,0,11,11,,,
IT_88,2020-05-21,-2,76,78,2,12,10,,,
IT_BZ,2020-05-21,7,55,,0,5,,,,
IT_TN,2020-05-21,1,46,,0,6,,,,
JP,2020-05-19,,,3009,,,210,,,
NL,2020-05-20,,,0,,,,,,
NL_DR,2020-05-21,0,116,,,,,,,
NL_DR_0106,2020-05-21,0,12,,,,,,,
NL_DR_0109,2020-05-21,0,13,,,,,,,
NL_DR_0114,2020-05-21,0,20,,,,,,,
NL_DR_0118,2020-05-21,0,19,,,,,,,
NL_DR_0119,2020-05-21,0,8,,,,,,,
NL_DR_1680,2020-05-21,0,1,,,,,,,
NL_DR_1681,2020-05-21,0,4,,,,,,,
NL_DR_1690,2020-05-21,0,11,,,,,,,
NL_DR_1699,2020-05-21,0,4,,,,,,,
NL_DR_1701,2020-05-21,0,9,,,,,,,
NL_DR_1730,2020-05-21,0,9,,,,,,,
NL_DR_1731,2020-05-21,0,6,,,,,,,
NL_FL,2020-05-21,0,263,,,,,,,
NL_FL_0034,2020-05-21,0,123,,,,,,,
NL_FL_0050,2020-05-21,0,12,,,,,,,
NL_FL_0171,2020-05-21,0,14,,,,,,,
NL_FL_0184,2020-05-21,0,22,,,,,,,
NL_FL_0303,2020-05-21,0,29,,,,,,,
NL_FL_0995,2020-05-21,0,63,,,,,,,
NL_FR,2020-05-21,0,128,,,,,,,
NL_FR_0059,2020-05-21,0,0,,,,,,,
NL_FR_0060,2020-05-21,0,0,,,,,,,
NL_FR_0072,2020-05-21,0,4,,,,,,,
NL_FR_0074,2020-05-21,0,13,,,,,,,
NL_FR_0080,2020-05-21,0,33,,,,,,,
NL_FR_0085,2020-05-21,0,3,,,,,,,
NL_FR_0086,2020-05-21,0,7,,,,,,,
NL_FR_0088,2020-05-21,0,0,,,,,,,
NL_FR_0090,2020-05-21,0,9,,,,,,,
NL_FR_0093,2020-05-21,0,0,,,,,,,
NL_FR_0096,2020-05-21,0,0,,,,,,,
NL_FR_0098,2020-05-21,0,3,,,,,,,
NL_FR_0737,2020-05-21,0,4,,,,,,,
NL_FR_1891,2020-05-21,0,2,,,,,,,
NL_FR_1900,2020-05-21,0,17,,,,,,,
NL_FR_1940,2020-05-21,0,16,,,,,,,
NL_FR_1949,2020-05-21,0,11,,,,,,,
NL_FR_1970,2020-05-21,0,6,,,,,,,
NL_GE,2020-05-21,1,1475,,,,,,,
NL_GE_0197,2020-05-21,0,9,,,,,,,
NL_GE_0200,2020-05-21,0,88,,,,,,,
NL_GE_0202,2020-05-21,0,65,,,,,,,
NL_GE_0203,2020-05-21,0,18,,,,,,,
NL_GE_0209,2020-05-21,0,19,,,,,,,
NL_GE_0213,2020-05-21,0,17,,,,,,,
NL_GE_0214,2020-05-21,0,16,,,,,,,
NL_GE_0216,2020-05-21,0,21,,,,,,,
NL_GE_0221,2020-05-21,0,9,,,,,,,
NL_GE_0222,2020-05-21,0,26,,,,,,,
NL_GE_0225,2020-05-21,0,24,,,,,,,
NL_GE_0226,2020-05-21,0,14,,,,,,,
NL_GE_0228,2020-05-21,0,54,,,,,,,
NL_GE_0230,2020-05-21,0,28,,,,,,,
NL_GE_0232,2020-05-21,0,47,,,,,,,
NL_GE_0233,2020-05-21,0,30,,,,,,,
NL_GE_0243,2020-05-21,0,41,,,,,,,
NL_GE_0244,2020-05-21,0,16,,,,,,,
NL_GE_0246,2020-05-21,0,54,,,,,,,
NL_GE_0252,2020-05-21,0,17,,,,,,,
NL_GE_0262,2020-05-21,0,14,,,,,,,
NL_GE_0263,2020-05-21,0,15,,,,,,,
NL_GE_0267,2020-05-21,0,22,,,,,,,
NL_GE_0268,2020-05-21,0,126,,,,,,,
NL_GE_0269,2020-05-21,0,39,,,,,,,
NL_GE_0273,2020-05-21,0,8,,,,,,,
NL_GE_0274,2020-05-21,0,14,,,,,,,
NL_GE_0275,2020-05-21,0,33,,,,,,,
NL_GE_0277,2020-05-21,0,1,,,,,,,
NL_GE_0279,2020-05-21,0,4,,,,,,,
NL_GE_0281,2020-05-21,0,41,,,,,,,
NL_GE_0285,2020-05-21,0,17,,,,,,,
NL_GE_0289,2020-05-21,0,20,,,,,,,
NL_GE_0293,2020-05-21,0,12,,,,,,,
NL_GE_0294,2020-05-21,0,7,,,,,,,
NL_GE_0296,2020-05-21,0,43,,,,,,,
NL_GE_0297,2020-05-21,0,20,,,,,,,
NL_GE_0299,2020-05-21,0,43,,,,,,,
NL_GE_0301,2020-05-21,1,30,,,,,,,
NL_GE_0302,2020-05-21,0,55,,,,,,,
NL_GE_0668,2020-05-21,0,18,,,,,,,
NL_GE_1509,2020-05-21,0,21,,,,,,,
NL_GE_1586,2020-05-21,0,17,,,,,,,
NL_GE_1705,2020-05-21,0,31,,,,,,,
NL_GE_1734,2020-05-21,0,57,,,,,,,
NL_GE_1740,2020-05-21,0,34,,,,,,,
NL_GE_1859,2020-05-21,0,12,,,,,,,
NL_GE_1876,2020-05-21,0,17,,,,,,,
NL_GE_1945,2020-05-21,0,29,,,,,,,
NL_GE_1955,2020-05-21,0,20,,,,,,,
NL_GE_1960,2020-05-21,0,42,,,,,,,
NL_GR,2020-05-21,0,74,,,,,,,
NL_GR_0003,2020-05-21,0,3,,,,,,,
NL_GR_0010,2020-05-21,0,6,,,,,,,
NL_GR_0014,2020-05-21,0,18,,,,,,,
NL_GR_0024,2020-05-21,0,0,,,,,,,
NL_GR_0037,2020-05-21,0,2,,,,,,,
NL_GR_0047,2020-05-21,0,2,,,,,,,
NL_GR_0765,2020-05-21,0,4,,,,,,,
NL_GR_1895,2020-05-21,0,7,,,,,,,
NL_GR_1950,2020-05-21,0,5,,,,,,,
NL_GR_1952,2020-05-21,0,6,,,,,,,
NL_GR_1966,2020-05-21,0,7,,,,,,,
NL_GR_1969,2020-05-21,0,14,,,,,,,
NL_LI,2020-05-21,1,1540,,,,,,,
NL_LI_0882,2020-05-21,0,52,,,,,,,
NL_LI_0888,2020-05-21,0,15,,,,,,,
NL_LI_0889,2020-05-21,0,20,,,,,,,
NL_LI_0893,2020-05-21,0,7,,,,,,,
NL_LI_0899,2020-05-21,0,42,,,,,,,
NL_LI_0907,2020-05-21,0,16,,,,,,,
NL_LI_0917,2020-05-21,1,124,,,,,,,
NL_LI_0928,2020-05-21,0,62,,,,,,,
NL_LI_0935,2020-05-21,0,182,,,,,,,
NL_LI_0938,2020-05-21,0,22,,,,,,,
NL_LI_0944,2020-05-21,0,6,,,,,,,
NL_LI_0946,2020-05-21,0,31,,,,,,,
NL_LI_0957,2020-05-21,0,59,,,,,,,
NL_LI_0965,2020-05-21,0,19,,,,,,,
NL_LI_0971,2020-05-21,0,43,,,,,,,
NL_LI_0981,2020-05-21,0,10,,,,,,,
NL_LI_0983,2020-05-21,0,126,,,,,,,
NL_LI_0984,2020-05-21,0,37,,,,,,,
NL_LI_0986,2020-05-21,0,17,,,,,,,
NL_LI_0988,2020-05-21,0,66,,,,,,,
NL_LI_0994,2020-05-21,0,17,,,,,,,
NL_LI_1507,2020-05-21,0,41,,,,,,,
NL_LI_1640,2020-05-21,0,51,,,,,,,
NL_LI_1641,2020-05-21,0,27,,,,,,,
NL_LI_1669,2020-05-21,0,27,,,,,,,
NL_LI_1711,2020-05-21,0,39,,,,,,,
NL_LI_1729,2020-05-21,0,21,,,,,,,
NL_LI_1883,2020-05-21,0,115,,,,,,,
NL_LI_1894,2020-05-21,0,143,,,,,,,
NL_LI_1903,2020-05-21,0,53,,,,,,,
NL_LI_1954,2020-05-21,0,50,,,,,,,
NL_NB,2020-05-21,-126,2609,,,,,,,
NL_NB_0743,2020-05-21,0,18,,,,,,,
NL_NB_0744,2020-05-21,0,9,,,,,,,
NL_NB_0748,2020-05-21,0,24,,,,,,,
NL_NB_0753,2020-05-21,0,31,,,,,,,
NL_NB_0755,2020-05-21,0,35,,,,,,,
NL_NB_0756,2020-05-21,0,18,,,,,,,
NL_NB_0757,2020-05-21,0,24,,,,,,,
NL_NB_0758,2020-05-21,0,143,,,,,,,
NL_NB_0762,2020-05-21,0,54,,,,,,,
NL_NB_0766,2020-05-21,0,20,,,,,,,
NL_NB_0770,2020-05-21,0,26,,,,,,,
NL_NB_0772,2020-05-21,0,178,,,,,,,
NL_NB_0777,2020-05-21,0,40,,,,,,,
NL_NB_0779,2020-05-21,0,11,,,,,,,
NL_NB_0784,2020-05-21,0,20,,,,,,,
NL_NB_0785,2020-05-21,0,32,,,,,,,
NL_NB_0786,2020-05-21,0,21,,,,,,,
NL_NB_0788,2020-05-21,0,18,,,,,,,
NL_NB_0794,2020-05-21,0,114,,,,,,,
NL_NB_0796,2020-05-21,-126,0,,,,,,,
NL_NB_0797,2020-05-21,0,44,,,,,,,
NL_NB_0798,2020-05-21,0,9,,,,,,,
NL_NB_0809,2020-05-21,0,24,,,,,,,
NL_NB_0815,2020-05-21,0,9,,,,,,,
NL_NB_0820,2020-05-21,0,18,,,,,,,
NL_NB_0823,2020-05-21,0,13,,,,,,,
NL_NB_0824,2020-05-21,0,23,,,,,,,
NL_NB_0826,2020-05-21,0,48,,,,,,,
NL_NB_0828,2020-05-21,0,164,,,,,,,
NL_NB_0840,2020-05-21,0,9,,,,,,,
NL_NB_0845,2020-05-21,0,36,,,,,,,
NL_NB_0847,2020-05-21,0,33,,,,,,,
NL_NB_0848,2020-05-21,0,31,,,,,,,
NL_NB_0851,2020-05-21,0,13,,,,,,,
NL_NB_0855,2020-05-21,0,246,,,,,,,
NL_NB_0856,2020-05-21,0,115,,,,,,,
NL_NB_0858,2020-05-21,0,19,,,,,,,
NL_NB_0861,2020-05-21,0,31,,,,,,,
NL_NB_0865,2020-05-21,0,42,,,,,,,
NL_NB_0866,2020-05-21,0,7,,,,,,,
NL_NB_0867,2020-05-21,0,33,,,,,,,
NL_NB_0873,2020-05-21,0,5,,,,,,,
NL_NB_0879,2020-05-21,0,21,,,,,,,
NL_NB_1652,2020-05-21,0,79,,,,,,,
NL_NB_1655,2020-05-21,0,13,,,,,,,
NL_NB_1658,2020-05-21,0,15,,,,,,,
NL_NB_1659,2020-05-21,0,40,,,,,,,
NL_NB_1667,2020-05-21,0,11,,,,,,,
NL_NB_1674,2020-05-21,0,28,,,,,,,
NL_NB_1684,2020-05-21,0,12,,,,,,,
NL_NB_1685,2020-05-21,0,39,,,,,,,
NL_NB_1702,2020-05-21,0,20,,,,,,,
NL_NB_1706,2020-05-21,0,63,,,,,,,
NL_NB_1709,2020-05-21,0,14,,,,,,,
NL_NB_1719,2020-05-21,0,18,,,,,,,
NL_NB_1721,2020-05-21,0,96,,,,,,,
NL_NB_1723,2020-05-21,0,18,,,,,,,
NL_NB_1724,2020-05-21,0,19,,,,,,,
NL_NB_1728,2020-05-21,0,21,,,,,,,
NL_NB_1771,2020-05-21,0,33,,,,,,,
NL_NB_1948,2020-05-21,0,210,,,,,,,
NL_NB_1959,2020-05-21,0,31,,,,,,,
NL_NH,2020-05-21,0,1603,,,,,,,
NL_NH_0358,2020-05-21,0,9,,,,,,,
NL_NH_0361,2020-05-21,0,54,,,,,,,
NL_NH_0362,2020-05-21,0,56,,,,,,,
NL_NH_0363,2020-05-21,0,608,,,,,,,
NL_NH_0370,2020-05-21,0,4,,,,,,,
NL_NH_0373,2020-05-21,0,16,,,,,,,
NL_NH_0375,2020-05-21,0,15,,,,,,,
NL_NH_0376,2020-05-21,0,8,,,,,,,
NL_NH_0377,2020-05-21,0,7,,,,,,,
NL_NH_0383,2020-05-21,0,15,,,,,,,
NL_NH_0384,2020-05-21,0,17,,,,,,,
NL_NH_0385,2020-05-21,0,24,,,,,,,
NL_NH_0388,2020-05-21,0,18,,,,,,,
NL_NH_0392,2020-05-21,0,60,,,,,,,
NL_NH_0394,2020-05-21,0,66,,,,,,,
NL_NH_0396,2020-05-21,0,27,,,,,,,
NL_NH_0397,2020-05-21,0,10,,,,,,,
NL_NH_0398,2020-05-21,0,27,,,,,,,
NL_NH_0399,2020-05-21,0,9,,,,,,,
NL_NH_0400,2020-05-21,0,12,,,,,,,
NL_NH_0402,2020-05-21,0,29,,,,,,,
NL_NH_0405,2020-05-21,0,34,,,,,,,
NL_NH_0406,2020-05-21,0,21,,,,,,,
NL_NH_0415,2020-05-21,0,3,,,,,,,
NL_NH_0416,2020-05-21,0,16,,,,,,,
NL_NH_0417,2020-05-21,0,8,,,,,,,
NL_NH_0420,2020-05-21,0,18,,,,,,,
NL_NH_0431,2020-05-21,0,11,,,,,,,
NL_NH_0432,2020-05-21,0,1,,,,,,,
NL_NH_0437,2020-05-21,0,5,,,,,,,
NL_NH_0439,2020-05-21,0,65,,,,,,,
NL_NH_0441,2020-05-21,0,19,,,,,,,
NL_NH_0448,2020-05-21,0,5,,,,,,,
NL_NH_0450,2020-05-21,0,5,,,,,,,
NL_NH_0451,2020-05-21,0,16,,,,,,,
NL_NH_0453,2020-05-21,0,31,,,,,,,
NL_NH_0457,2020-05-21,0,9,,,,,,,
NL_NH_0473,2020-05-21,0,10,,,,,,,
NL_NH_0479,2020-05-21,0,113,,,,,,,
NL_NH_0498,2020-05-21,0,4,,,,,,,
NL_NH_0532,2020-05-21,0,19,,,,,,,
NL_NH_0852,2020-05-21,0,16,,,,,,,
NL_NH_0880,2020-05-21,0,20,,,,,,,
NL_NH_1598,2020-05-21,0,6,,,,,,,
NL_NH_1696,2020-05-21,0,8,,,,,,,
NL_NH_1911,2020-05-21,0,26,,,,,,,
NL_NH_1942,2020-05-21,0,23,,,,,,,
NL_OV,2020-05-21,0,545,,,,,,,
NL_OV_0141,2020-05-21,0,22,,,,,,,
NL_OV_0147,2020-05-21,0,14,,,,,,,
NL_OV_0148,2020-05-21,0,16,,,,,,,
NL_OV_0150,2020-05-21,0,46,,,,,,,
NL_OV_0153,2020-05-21,0,52,,,,,,,
NL_OV_0158,2020-05-21,0,14,,,,,,,
NL_OV_0160,2020-05-21,0,23,,,,,,,
NL_OV_0163,2020-05-21,0,8,,,,,,,
NL_OV_0164,2020-05-21,0,21,,,,,,,
NL_OV_0166,2020-05-21,0,59,,,,,,,
NL_OV_0168,2020-05-21,0,7,,,,,,,
NL_OV_0173,2020-05-21,0,14,,,,,,,
NL_OV_0175,2020-05-21,0,9,,,,,,,
NL_OV_0177,2020-05-21,0,25,,,,,,,
NL_OV_0180,2020-05-21,0,8,,,,,,,
NL_OV_0183,2020-05-21,0,12,,,,,,,
NL_OV_0189,2020-05-21,0,5,,,,,,,
NL_OV_0193,2020-05-21,0,53,,,,,,,
NL_OV_1700,2020-05-21,0,12,,,,,,,
NL_OV_1708,2020-05-21,0,14,,,,,,,
NL_OV_1735,2020-05-21,0,15,,,,,,,
NL_OV_1742,2020-05-21,0,30,,,,,,,
NL_OV_1773,2020-05-21,0,12,,,,,,,
NL_OV_1774,2020-05-21,0,19,,,,,,,
NL_OV_1896,2020-05-21,0,35,,,,,,,
NL_UT,2020-05-21,1,855,,,,,,,
NL_UT_0307,2020-05-21,0,59,,,,,,,
NL_UT_0308,2020-05-21,0,11,,,,,,,
NL_UT_0310,2020-05-21,0,26,,,,,,,
NL_UT_0312,2020-05-21,0,9,,,,,,,
NL_UT_0313,2020-05-21,0,9,,,,,,,
NL_UT_0317,2020-05-21,0,2,,,,,,,
NL_UT_0321,2020-05-21,0,24,,,,,,,
NL_UT_0327,2020-05-21,0,9,,,,,,,
NL_UT_0331,2020-05-21,0,19,,,,,,,
NL_UT_0335,2020-05-21,0,12,,,,,,,
NL_UT_0339,2020-05-21,0,5,,,,,,,
NL_UT_0340,2020-05-21,1,11,,,,,,,
NL_UT_0342,2020-05-21,0,23,,,,,,,
NL_UT_0344,2020-05-21,0,253,,,,,,,
NL_UT_0345,2020-05-21,0,48,,,,,,,
NL_UT_0351,2020-05-21,0,9,,,,,,,
NL_UT_0352,2020-05-21,0,9,,,,,,,
NL_UT_0353,2020-05-21,0,35,,,,,,,
NL_UT_0355,2020-05-21,0,35,,,,,,,
NL_UT_0356,2020-05-21,0,42,,,,,,,
NL_UT_0589,2020-05-21,0,25,,,,,,,
NL_UT_0632,2020-05-21,0,47,,,,,,,
NL_UT_0736,2020-05-21,0,39,,,,,,,
NL_UT_1581,2020-05-21,0,28,,,,,,,
NL_UT_1904,2020-05-21,0,32,,,,,,,
NL_UT_1961,2020-05-21,0,34,,,,,,,
NL_ZE,2020-05-21,0,150,,,,,,,
NL_ZE_0654,2020-05-21,0,5,,,,,,,
NL_ZE_0664,2020-05-21,0,11,,,,,,,
NL_ZE_0677,2020-05-21,0,9,,,,,,,
NL_ZE_0678,2020-05-21,0,3,,,,,,,
NL_ZE_0687,2020-05-21,0,18,,,,,,,
NL_ZE_0703,2020-05-21,0,4,,,,,,,
NL_ZE_0715,2020-05-21,0,25,,,,,,,
NL_ZE_0716,2020-05-21,0,40,,,,,,,
NL_ZE_0717,2020-05-21,0,6,,,,,,,
NL_ZE_0718,2020-05-21,0,9,,,,,,,
NL_ZE_1676,2020-05-21,0,11,,,,,,,
NL_ZE_1695,2020-05-21,0,1,,,,,,,
NL_ZE_1714,2020-05-21,0,8,,,,,,,
NL_ZH,2020-05-21,10,2093,,,,,,,
NL_ZH_0482,2020-05-21,0,10,,,,,,,
NL_ZH_0484,2020-05-21,0,59,,,,,,,
NL_ZH_0489,2020-05-21,0,39,,,,,,,
NL_ZH_0501,2020-05-21,0,11,,,,,,,
NL_ZH_0502,2020-05-21,1,51,,,,,,,
NL_ZH_0503,2020-05-21,0,38,,,,,,,
NL_ZH_0505,2020-05-21,0,83,,,,,,,
NL_ZH_0512,2020-05-21,0,18,,,,,,,
NL_ZH_0513,2020-05-21,0,38,,,,,,,
NL_ZH_0518,2020-05-21,4,306,,,,,,,
NL_ZH_0523,2020-05-21,0,2,,,,,,,
NL_ZH_0530,2020-05-21,0,16,,,,,,,
NL_ZH_0531,2020-05-21,0,8,,,,,,,
NL_ZH_0534,2020-05-21,0,8,,,,,,,
NL_ZH_0537,2020-05-21,0,29,,,,,,,
NL_ZH_0542,2020-05-21,0,10,,,,,,,
NL_ZH_0546,2020-05-21,0,39,,,,,,,
NL_ZH_0547,2020-05-21,0,12,,,,,,,
NL_ZH_0553,2020-05-21,0,7,,,,,,,
NL_ZH_0556,2020-05-21,0,20,,,,,,,
NL_ZH_0569,2020-05-21,0,9,,,,,,,
NL_ZH_0575,2020-05-21,0,17,,,,,,,
NL_ZH_0579,2020-05-21,0,8,,,,,,,
NL_ZH_0590,2020-05-21,0,9,,,,,,,
NL_ZH_0597,2020-05-21,0,37,,,,,,,
NL_ZH_0599,2020-05-21,2,498,,,,,,,
NL_ZH_0603,2020-05-21,0,33,,,,,,,
NL_ZH_0606,2020-05-21,0,55,,,,,,,
NL_ZH_0610,2020-05-21,0,9,,,,,,,
NL_ZH_0613,2020-05-21,0,14,,,,,,,
NL_ZH_0614,2020-05-21,0,6,,,,,,,
NL_ZH_0622,2020-05-21,1,42,,,,,,,
NL_ZH_0626,2020-05-21,0,9,,,,,,,
NL_ZH_0627,2020-05-21,0,16,,,,,,,
NL_ZH_0629,2020-05-21,0,8,,,,,,,
NL_ZH_0637,2020-05-21,0,49,,,,,,,
NL_ZH_0638,2020-05-21,1,4,,,,,,,
NL_ZH_0642,2020-05-21,0,23,,,,,,,
NL_ZH_1525,2020-05-21,0,13,,,,,,,
NL_ZH_1621,2020-05-21,0,42,,,,,,,
NL_ZH_1783,2020-05-21,0,58,,,,,,,
NL_ZH_1842,2020-05-21,0,4,,,,,,,
NL_ZH_1884,2020-05-21,0,6,,,,,,,
NL_ZH_1892,2020-05-21,0,23,,,,,,,
NL_ZH_1901,2020-05-21,0,7,,,,,,,
NL_ZH_1916,2020-05-21,0,20,,,,,,,
NL_ZH_1924,2020-05-21,0,53,,,,,,,
NL_ZH_1926,2020-05-21,0,23,,,,,,,
NL_ZH_1930,2020-05-21,0,54,,,,,,,
NL_ZH_1931,2020-05-21,0,45,,,,,,,
NL_ZH_1963,2020-05-21,1,77,,,,,,,
NL_ZH_1978,2020-05-21,0,18,,,,,,,
SE,2020-05-20,,,,,,2,,,
US_AK,2020-05-20,0,36,,,,,,,
US_AL,2020-05-20,40,1493,,,,,,,
US_AR,2020-05-20,0,956,,,,,,,
US_AS,2020-05-20,0,0,,,,,,,
US_AZ,2020-05-20,46,1792,,,,,,,
US_CA,2020-05-20,0,0,,,,,,,
US_CO,2020-05-20,56,3955,,,,,,,
US_CT,2020-05-20,0,10946,,,,,,,
US_DC,2020-05-20,0,0,,,,,,,
US_DE,2020-05-20,0,0,,,,,,,
US_FL,2020-05-20,190,8934,,,,,,,
US_GA,2020-05-20,80,7107,,,,,,,
US_GU,2020-05-20,0,0,,,,,,,
US_HI,2020-05-20,0,82,,,,,,,
US_IA,2020-05-20,0,193,,,,,,,
US_ID,2020-05-20,2,215,,,,,,,
US_IL,2020-05-20,0,0,,,,,,,
US_IN,2020-05-20,0,4390,,,,,,,
US_KS,2020-05-20,20,760,,,,,,,
US_KY,2020-05-20,30,2010,,,,,,,
US_LA,2020-05-20,0,0,,,,,,,
US_MA,2020-05-20,131,8897,,,,,,,
US_MD,2020-05-20,194,7393,,,,,,,
US_ME,2020-05-20,6,231,,,,,,,
US_MI,2020-05-20,0,0,,,,,,,
US_MN,2020-05-20,87,2308,,,,,,,
US_MO,2020-05-20,0,0,,,,,,,
US_MP,2020-05-20,0,0,,,,,,,
US_MS,2020-05-20,61,1901,,,,,,,
US_MT,2020-05-20,0,65,,,,,,,
US_NC,2020-05-20,0,0,,,,,,,
US_ND,2020-05-20,7,142,,,,,,,
US_NE,2020-05-20,0,0,,,,,,,
US_NH,2020-05-20,15,383,,,,,,,
US_NJ,2020-05-20,0,0,,,,,,,
US_NM,2020-05-20,253,1139,,,,,,,
US_NV,2020-05-20,0,0,,,,,,,
US_NY,2020-05-20,242,76410,,,,,,,
US_OH,2020-05-20,81,5198,,,,,,,
US_OK,2020-05-20,8,905,,,,,,,
US_OR,2020-05-20,9,723,,,,,,,
US_PA,2020-05-20,0,1145,,,,,,,
US_PR,2020-05-20,0,0,,,,,,,
US_RI,2020-05-20,22,1486,,,,,,,
US_SC,2020-05-20,0,1444,,,,,,,
US_SD,2020-05-20,6,333,,,,,,,
US_TN,2020-05-20,17,1515,,,,,,,
US_TX,2020-05-20,0,0,,,,,,,
US_UT,2020-05-20,36,631,,,,,,,
US_VA,2020-05-20,291,6831,,,,,,,
US_VI,2020-05-20,0,0,,,,,,,
US_VT,2020-05-20,0,50,,,,,,,
US_WA,2020-05-20,0,0,,,,,,,
US_WI,2020-05-20,51,2161,,,,,,,
US_WV,2020-05-20,0,165,,,,,,,
US_WY,2020-05-20,1,74,,,,,,,
