key,wikidata,datacommons,country_code,country_name,subregion1_code,subregion1_name,subregion2_code,subregion2_name,3166-1-alpha-2,3166-1-alpha-3,aggregation_level,date,new_confirmed,new_deceased,new_recovered,new_tested,total_confirmed,total_deceased,total_recovered,total_tested,noaa_station,noaa_distance,minimum_temperature,maximum_temperature,rainfall,snowfall,latitude,longitude,elevation,area,gdp,gdp_per_capita,population,life_expectancy,human_development_index,school_closing,workplace_closing,cancel_public_events,restrictions_on_gatherings,public_transport_closing,stay_at_home_requirements,restrictions_on_internal_movement,international_travel_controls,income_support,debt_relief,fiscal_measures,international_support,public_information_campaigns,testing_policy,contact_tracing,emergency_investment_in_healthcare,investment_in_vaccines,stringency_index
AT_11,Q43210,nuts/AT11,AT,Austria,11,Burgenland,,,AT,AUT,1,2020-05-21,0,0,,76,336,11,,10958,,,,,,,47.5,16.416667,333,3962,,,291023,,,,,,,,,,,,,,,,,,,,
AT_12,Q42497,nuts/AT12,AT,Austria,12,Niederösterreich,,,AT,AUT,1,2020-05-21,7,0,,1032,2806,99,,52614,,,,,,,48.333333,15.75,279,19186,,,1653419,,,,,,,,,,,,,,,,,,,,
AT_13,Q1741,nuts/AT13,AT,Austria,13,Wien,,,AT,AUT,1,2020-05-21,26,0,,2032,3014,144,,90228,,,,,,,48.20833,16.373064,151,415,,,1794770,,,,,,,,,,,,,,,,,,,,
AT_21,Q37985,nuts/AT21,AT,Austria,21,Kärnten,,,AT,AUT,1,2020-05-21,0,0,,147,411,13,,14910,,,,,,,46.761111,13.818889,1449,9536,,,560300,,,,,,,,,,,,,,,,,,,,
AT_22,Q41358,nuts/AT22,AT,Austria,22,Steiermark,,,AT,AUT,1,2020-05-21,2,0,,1106,1833,142,,44061,,,,,,,47.25,15.166667,200,16401,,,1231865,,,,,,,,,,,,,,,,,,,,
AT_31,Q41967,nuts/AT31,AT,Austria,31,Oberösterreich,,,AT,AUT,1,2020-05-21,2,0,,745,2286,60,,54982,,,,,,,48.2,14,343,11982,,,1453733,,,,,,,,,,,,,,,,,,,,
AT_32,Q43325,nuts/AT32,AT,Austria,32,Salzburg,,,AT,AUT,1,2020-05-21,0,0,,133,1220,38,,31329,,,,,,,47.766944,13.364167,827,7156,,,545742,,,,,,,,,,,,,,,,,,,,
AT_33,Q42880,nuts/AT33,AT,Austria,33,Tirol,,,AT,AUT,1,2020-05-21,2,0,,443,3534,107,,67834,,,,,,,47.266667,11.4,605,12648,,,739002,,,,,,,,,,,,,,,,,,,,
AT_34,Q38981,nuts/AT34,AT,Austria,34,Vorarlberg,,,AT,AUT,1,2020-05-21,1,0,,301,895,19,,18691,,,,,,,47.243611,9.893889,1063,2601,,,388711,,,,,,,,,,,,,,,,,,,,
AU_ACT,Q3258,,AU,Australia,ACT,Australian Capital Territory,,,AU,AUS,1,2020-05-21,0,0,0,311,107,3,104,15023,,,,,,,-35.45,148.98056,892,2358,,,385600,,,,,,,,,,,,,,,,,,,,
AU_NSW,Q3224,,AU,Australia,NSW,New South Wales,,,AU,AUS,1,2020-05-21,1,0,17,9734,3082,47,2648,394012,,,,,,,-32,147,160,801150,,,7500600,,,,,,,,,,,,,,,,,,,,
AU_NT,Q3235,,AU,Australia,NT,Northern Territory,,,AU,AUS,1,2020-05-21,0,0,1,136,29,0,30,6809,,,,,,,-20,133,326,1347791,,,211945,,,,,,,,,,,,,,,,,,,,
AU_QLD,Q36074,,AU,Australia,QLD,Queensland,,,AU,AUS,1,2020-05-21,0,0,0,3317,1058,6,1040,166877,,,,,,,-20,143,744,1729742,,,4708500,,,,,,,,,,,,,,,,,,,,
AU_SA,Q35715,,AU,Australia,SA,South Australia,,,AU,AUS,1,2020-05-21,0,0,0,1692,439,4,435,85565,,,,,,,-30,135,162,984321,,,1682600,,,,,,,,,,,,,,,,,,,,
AU_TAS,Q34366,,AU,Australia,TAS,Tasmania,,,AU,AUS,1,2020-05-21,0,0,2,421,228,13,198,23448,,,,,,,-42,147,1009,68401,,,514700,,,,,,,,,,,,,,,,,,,,
AU_VIC,Q36687,,AU,Australia,VIC,Victoria,,,AU,AUS,1,2020-05-21,1,0,8,11401,1581,18,1473,378673,,,,,,,-37,144,236,227444,,,5821300,,,,,,,,,,,,,,,,,,,,
AU_WA,Q3206,,AU,Australia,WA,Western Australia,,,AU,AUS,1,2020-05-21,0,0,0,1818,557,9,545,71462,,,,,,,-26,121,536,2527013,,,2565600,,,,,,,,,,,,,,,,,,,,
CA,Q16,country/CAN,CA,Canada,,,,,CA,CAN,0,2020-05-21,453,32,415,-5392,80544,6062,41108,1369734,,,,,,,56,-109,,9984670,4.1093454E+10,2294,35158300,80,0.827,,,,,,,,,,,,,,,,,,
CA_AB,Q1951,,CA,Canada,AB,Alberta,,,CA,CAN,1,2020-05-21,19,0,53,0,6735,128,5637,203397,,,,,,,55,-115,,661848,,,4067175,,,,,,,,,,,,,,,,,,,,
CA_BC,Q1974,,CA,Canada,BC,British Columbia,,,CA,CAN,1,2020-05-21,0,0,0,1168,2467,149,2001,108320,,,,,,,54.5,-124.5,,944735,,,4659272,,,,,,,,,,,,,,,,,,,,
CA_MB,Q1948,,CA,Canada,MB,Manitoba,,,CA,CAN,1,2020-05-21,0,0,3,590,279,7,260,35723,,,,,,,55,-97,,647797,,,1289792,,,,,,,,,,,,,,,,,,,,
CA_NB,Q1965,,CA,Canada,NB,New Brunswick,,,CA,CAN,1,2020-05-21,0,0,0,359,120,0,120,20104,,,,,,,46.6,-66,,72908,,,754260,,,,,,,,,,,,,,,,,,,,
CA_NL,Q2003,,CA,Canada,NL,Newfoundland and Labrador,,,CA,CAN,1,2020-05-21,0,0,3,126,260,3,253,10967,,,,,,,53,-60,,405212,,,526329,,,,,,,,,,,,,,,,,,,,
CA_NS,Q1952,,CA,Canada,NS,Nova Scotia,,,CA,CAN,1,2020-05-21,0,0,0,343,1045,57,956,38275,,,,,,,45,-63,,55283,,,943575,,,,,,,,,,,,,,,,,,,,
CA_NT,Q2007,,CA,Canada,NT,Northwest Territories,,,CA,CAN,1,2020-05-21,0,0,0,-3,5,0,5,1887,,,,,,,66,-119,,1346106,,,43595,,,,,,,,,,,,,,,,,,,,
CA_NU,Q2023,,CA,Canada,NU,Nunavut,,,CA,CAN,1,2020-05-21,0,0,0,9,0,0,0,685,,,,,,,70,-90,,2038722,,,38243,,,,,,,,,,,,,,,,,,,,
CA_ON,Q1904,,CA,Canada,ON,Ontario,,,CA,CAN,1,2020-05-21,413,31,319,-8384,24187,1993,18509,558792,,,,,,,50,-85,,1076395,,,13733544,,,,,,,,,,,,,,,,,,,,
CA_PE,Q1979,,CA,Canada,PE,Prince Edward Island,,,CA,CAN,1,2020-05-21,0,0,0,0,27,0,27,4951,,,,,,,46.25,-63,,5620,,,146455,,,,,,,,,,,,,,,,,,,,
CA_QC,Q176,,CA,Canada,QC,Quebec,,,CA,CAN,1,2020-05-21,0,0,0,0,44775,3718,12822,346684,,,,,,,52,-72,,1542056,,,7903001,,,,,,,,,,,,,,,,,,,,
CA_SK,Q1989,,CA,Canada,SK,Saskatchewan,,,CA,CAN,1,2020-05-21,21,1,24,400,620,7,494,38732,,,,,,,55,-106,,651900,,,1132640,,,,,,,,,,,,,,,,,,,,
CA_YT,Q2009,,CA,Canada,YT,Yukon,,,CA,CAN,1,2020-05-21,0,0,0,0,11,0,11,1141,,,,,,,60.72086,-135.05323,,482443,,,36589,,,,,,,,,,,,,,,,,,,,
CH_BE,Q11911,nuts/CH021,CH,Switzerland,BE,Bern,,,CH,CHE,1,2020-05-21,2,0,,,1869,96,,,,,,,,,46.833333,7.616667,542,5959,,,1034977,,,,,,,,,,,,,,,,,,,,
CH_BL,Q12146,nuts/CH032,CH,Switzerland,BL,Basel-Landschaft,,,CH,CHE,1,2020-05-21,0,0,0,,838,35,798,,,,,,,,47.463056,7.755833,327,518,,,288132,,,,,,,,,,,,,,,,,,,,
CH_SO,Q11929,nuts/CH023,CH,Switzerland,SO,Solothurn,,,CH,CHE,1,2020-05-21,3,0,,,439,16,,,,,,,,,47.15,7.633333,432,790,,,273194,,,,,,,,,,,,,,,,,,,,
CH_SZ,Q12433,nuts/CH063,CH,Switzerland,SZ,Schwyz,,,CH,CHE,1,2020-05-21,0,0,1,0,307,23,283,,,,,,,,47.066667,8.75,516,908,,,159165,,,,,,,,,,,,,,,,,,,,
CZ_10,Q1085,nuts/CZ010,CZ,Czech Republic,10,Hlavní město Praha,,,CZ,CZE,1,2020-05-21,1,,,,2005,,,,,,,,,,50.083333,14.416667,235,496,3.7673E+10,,1267449,,,,,,,,,,,,,,,,,,,,
CZ_20,Q188399,nuts/CZ020,CZ,Czech Republic,20,Středočeský kraj,,,CZ,CZE,1,2020-05-21,2,,,,1038,,,,,,,,,,49.966667,14.5,342,10928,,,1315299,,,,,,,,,,,,,,,,,,,,
CZ_31,Q188373,nuts/CZ031,CZ,Czech Republic,31,Jihočeský kraj,,,CZ,CZE,1,2020-05-21,1,,,,182,,,,,,,,,,49.083333,14.666667,479,10058,,,637834,,,,,,,,,,,,,,,,,,,,
CZ_32,Q46070,nuts/CZ032,CZ,Czech Republic,32,Plzeňský kraj,,,CZ,CZE,1,2020-05-21,2,,,,659,,,,,,,,,,49.7,13.2,465,7649,,,576635,,,,,,,,,,,,,,,,,,,,
CZ_41,Q191091,nuts/CZ041,CZ,Czech Republic,41,Karlovarský kraj,,,CZ,CZE,1,2020-05-21,0,,,,446,,,,,,,,,,50.2,12.7,447,3310,,,297804,,,,,,,,,,,,,,,,,,,,
CZ_42,Q192702,nuts/CZ042,CZ,Czech Republic,42,Ústecký kraj,,,CZ,CZE,1,2020-05-21,1,,,,532,,,,,,,,,,50.5,13.85,530,5339,,,822850,,,,,,,,,,,,,,,,,,,,
CZ_51,Q193266,nuts/CZ051,CZ,Czech Republic,51,Liberecký kraj,,,CZ,CZE,1,2020-05-21,0,,,,200,,,,,,,,,,50.7,15,555,3163,,,439639,,,,,,,,,,,,,,,,,,,,
CZ_52,Q193295,nuts/CZ052,CZ,Czech Republic,52,Královéhradecký kraj,,,CZ,CZE,1,2020-05-21,0,,,,196,,,,,,,,,,50.4,15.8,304,4759,,,551421,,,,,,,,,,,,,,,,,,,,
CZ_53,Q193317,nuts/CZ053,CZ,Czech Republic,53,Pardubický kraj,,,CZ,CZE,1,2020-05-21,0,,,,285,,,,,,,,,,49.9,16.2,490,4519,,,516149,,,,,,,,,,,,,,,,,,,,
CZ_63,Q190930,nuts/CZ063,CZ,Czech Republic,63,Kraj Vysočina,,,CZ,CZE,1,2020-05-21,0,,,,182,,,,,,,,,,49.4,15.7,528,6796,,,509475,,,,,,,,,,,,,,,,,,,,
CZ_64,Q192697,nuts/CZ064,CZ,Czech Republic,64,Jihomoravský kraj,,,CZ,CZE,1,2020-05-21,0,,,,515,,,,,,,,,,49.1,16.6,212,7195,,,1175023,,,,,,,,,,,,,,,,,,,,
CZ_71,Q193307,nuts/CZ071,CZ,Czech Republic,71,Olomoucký kraj,,,CZ,CZE,1,2020-05-21,0,,,,732,,,,,,,,,,49.716667,17.1,234,5272,,,634720,,,,,,,,,,,,,,,,,,,,
CZ_72,Q192536,nuts/CZ072,CZ,Czech Republic,72,Zlínský kraj,,,CZ,CZE,1,2020-05-21,8,,,,354,,,,,,,,,,49.2,17.7,424,3963,,,584676,,,,,,,,,,,,,,,,,,,,
CZ_80,Q190550,nuts/CZ080,CZ,Czech Republic,80,Moravskoslezský kraj,,,CZ,CZE,1,2020-05-21,12,,,,1330,,,,,,,,,,49.8,18,448,5431,,,1213311,,,,,,,,,,,,,,,,,,,,
FJ,Q712,country/FJI,FJ,Fiji,,,,,FJ,FJI,0,2020-05-21,0,0,,,18,0,,,,,,,,,-18,178,,18274,1.1232842E+08,285,393383,67.365,0.578,,,,,,,,,,,,,,,,,,
GB,Q145,country/GBR,GB,United Kingdom,,,,,GB,GBR,0,2020-05-21,0,338,,0,,36042,,,,,,,,,54.6,-2,,242495,7.2328047E+10,1380,63181775,77.39024,0.738,,,,,,,,,,,,,,,,,,
GB_ENG,Q21,,GB,United Kingdom,ENG,England,,,GB,GBR,1,2020-05-21,0,274,,,,32117,,,,,,,,,53,-1,,130278,2.2862952E+12,40000,53012456,,,,,,,,,,,,,,,,,,,,
GB_NIR,Q26,nuts/UKN,GB,United Kingdom,NIR,Northern Ireland,,,GB,GBR,1,2020-05-21,0,3,,0,,501,,,,,,,,,54.683333,-6.75,,14130,,,1852168,,,,,,,,,,,,,,,,,,,,
GB_NIR_N09000001,Q4777347,,GB,United Kingdom,NIR,Northern Ireland,N09000001,Antrim and Newtownabbey,GB,GBR,2,2020-05-21,0,,,,370,,,,,,,,,,54.7167,-6.21667,,572,,,142492,,,,,,,,,,,,,,,,,,,,
GB_NIR_N09000002,Q4792580,,GB,United Kingdom,NIR,Northern Ireland,N09000002,"Armagh, Banbridge and Craigavon",GB,GBR,2,2020-05-21,6,,,,487,,,,,,,,,,54.351,-6.492,,1337,,,214090,,,,,,,,,,,,,,,,,,,,
GB_NIR_N09000003,Q1140130,nuts/UKN01,GB,United Kingdom,NIR,Northern Ireland,N09000003,Belfast,GB,GBR,2,2020-05-21,4,,,,1294,,,,,,,,,,54.593889,-5.929444,,132,,,341877,,,,,,,,,,,,,,,,,,,,
GB_NIR_N09000004,Q5054638,,GB,United Kingdom,NIR,Northern Ireland,N09000004,Causeway Coast and Glens,GB,GBR,2,2020-05-21,3,,,,189,,,,,,,,,,55.203,-6.5,,1980,,,144246,,,,,,,,,,,,,,,,,,,,
GB_NIR_N09000005,Q15213714,,GB,United Kingdom,NIR,Northern Ireland,N09000005,Derry and Strabane,GB,GBR,2,2020-05-21,0,,,,163,,,,,,,,,,54.927,-7.424,,1238,,,150679,,,,,,,,,,,,,,,,,,,,
GB_NIR_N09000006,Q5444365,,GB,United Kingdom,NIR,Northern Ireland,N09000006,Fermanagh and Omagh,GB,GBR,2,2020-05-21,1,,,,80,,,,,,,,,,54.545,-7.494,,2857,,,116835,,,,,,,,,,,,,,,,,,,,
GB_NIR_N09000007,Q6558667,,GB,United Kingdom,NIR,Northern Ireland,N09000007,Lisburn and Castlereagh,GB,GBR,2,2020-05-21,4,,,,425,,,,,,,,,,54.523,-5.973,,505,,,144381,,,,,,,,,,,,,,,,,,,,
GB_NIR_N09000008,Q6841059,,GB,United Kingdom,NIR,Northern Ireland,N09000008,Mid and East Antrim,GB,GBR,2,2020-05-21,1,,,,293,,,,,,,,,,54.828,-6.078,,1046,,,138773,,,,,,,,,,,,,,,,,,,,
GB_NIR_N09000009,Q6840825,,GB,United Kingdom,NIR,Northern Ireland,N09000009,Mid Ulster,GB,GBR,2,2020-05-21,4,,,,215,,,,,,,,,,54.668,-6.679,,1827,,,147392,,,,,,,,,,,,,,,,,,,,
GB_NIR_N09000010,Q15262186,,GB,United Kingdom,NIR,Northern Ireland,N09000010,"Newry, Mourne and Down",GB,GBR,2,2020-05-21,7,,,,269,,,,,,,,,,54.111,-6.161,,1633,,,180012,,,,,,,,,,,,,,,,,,,,
GB_NIR_N09000011,Q7055155,,GB,United Kingdom,NIR,Northern Ireland,N09000011,North Down and Ards,GB,GBR,2,2020-05-21,10,,,,336,,,,,,,,,,54.562,-5.637,,461,,,160864,,,,,,,,,,,,,,,,,,,,
GB_SCT,Q22,nuts/UKM,GB,United Kingdom,SCT,Scotland,,,GB,GBR,1,2020-05-21,105,37,,2579,14856,2221,,95173,,,,,,,57,-5,,78782,2.37618E+11,43740,5404700,,,,,,,,,,,,,,,,,,,,
GB_SCT_S08000015,,,GB,United Kingdom,SCT,Scotland,S08000015,Ayrshire and Arran,GB,GBR,2,2020-05-21,8,,,,995,,,,,,,,,,,,,,,,,,,,,,,,,,,,,,,,,,,,
GB_SCT_S08000016,,,GB,United Kingdom,SCT,Scotland,S08000016,Borders,GB,GBR,2,2020-05-21,0,,,,322,,,,,,,,,,,,,,,,,,,,,,,,,,,,,,,,,,,,
GB_SCT_S08000017,,,GB,United Kingdom,SCT,Scotland,S08000017,Dumfries and Galloway,GB,GBR,2,2020-05-21,0,,,,257,,,,,,,,,,,,,,,,,,,,,,,,,,,,,,,,,,,,
GB_SCT_S08000019,,,GB,United Kingdom,SCT,Scotland,S08000019,Forth Valley,GB,GBR,2,2020-05-21,2,,,,896,,,,,,,,,,,,,,,,,,,,,,,,,,,,,,,,,,,,
GB_SCT_S08000020,,,GB,United Kingdom,SCT,Scotland,S08000020,Grampian,GB,GBR,2,2020-05-21,2,,,,1218,,,,,,,,,,,,,,,,,,,,,,,,,,,,,,,,,,,,
GB_SCT_S08000022,,,GB,United Kingdom,SCT,Scotland,S08000022,Highland,GB,GBR,2,2020-05-21,0,,,,334,,,,,,,,,,,,,,,,,,,,,,,,,,,,,,,,,,,,
GB_SCT_S08000024,,,GB,United Kingdom,SCT,Scotland,S08000024,Lothian,GB,GBR,2,2020-05-21,27,,,,2611,,,,,,,,,,,,,,,,,,,,,,,,,,,,,,,,,,,,
GB_SCT_S08000025,,,GB,United Kingdom,SCT,Scotland,S08000025,Orkney,GB,GBR,2,2020-05-21,0,,,,7,,,,,,,,,,,,,,,,,,,,,,,,,,,,,,,,,,,,
GB_SCT_S08000026,,,GB,United Kingdom,SCT,Scotland,S08000026,Shetland,GB,GBR,2,2020-05-21,0,,,,54,,,,,,,,,,,,,,,,,,,,,,,,,,,,,,,,,,,,
GB_SCT_S08000028,,,GB,United Kingdom,SCT,Scotland,S08000028,Western Isles,GB,GBR,2,2020-05-21,0,,,,6,,,,,,,,,,,,,,,,,,,,,,,,,,,,,,,,,,,,
GB_SCT_S08000029,,,GB,United Kingdom,SCT,Scotland,S08000029,Fife,GB,GBR,2,2020-05-21,0,,,,826,,,,,,,,,,,,,,,,,,,,,,,,,,,,,,,,,,,,
GB_SCT_S08000030,,,GB,United Kingdom,SCT,Scotland,S08000030,Tayside,GB,GBR,2,2020-05-21,15,,,,1632,,,,,,,,,,,,,,,,,,,,,,,,,,,,,,,,,,,,
GB_SCT_S08000031,,,GB,United Kingdom,SCT,Scotland,S08000031,Greater Glasgow and Clyde,GB,GBR,2,2020-05-21,26,,,,3806,,,,,,,,,,,,,,,,,,,,,,,,,,,,,,,,,,,,
GB_SCT_S08000032,,,GB,United Kingdom,SCT,Scotland,S08000032,Lanarkshire,GB,GBR,2,2020-05-21,25,,,,1892,,,,,,,,,,,,,,,,,,,,,,,,,,,,,,,,,,,,
GD,Q769,country/GRD,GD,Grenada,,,,,GD,GRD,0,2020-05-21,0,0,,,22,0,,,,,,,,,12.116667,-61.666667,,348,9.1180379E+08,792,89861,70.131,0.737,,,,,,,,,,,,,,,,,,
ID_AC,Q1823,,ID,Indonesia,AC,Aceh,,,ID,IDN,1,2020-05-21,0,,,,18,,,,,,,,,,4.3,96.9,125,57956,,,5066831,,,,,,,,,,,,,,,,,,,,
ID_BA,Q3125978,,ID,Indonesia,BA,Bali,,,ID,IDN,1,2020-05-21,3,,,,374,,,,,,,,,,-8.5,115,73,5780,,,4230051,,,,,,,,,,,,,,,,,,,,
ID_BB,Q1866,,ID,Indonesia,BB,Bangka Belitung Islands,,,ID,IDN,1,2020-05-21,1,,,,36,,,,,,,,,,-2.133333,106.11667,8,16424,,,1372813,,,,,,,,,,,,,,,,,,,,
ID_BE,Q1890,,ID,Indonesia,BE,Bengkulu,,,ID,IDN,1,2020-05-21,2,,,,69,,,,,,,,,,-3.8,102.25,100,19789,,,1828291,,,,,,,,,,,,,,,,,,,,
ID_BT,Q3540,,ID,Indonesia,BT,Banten,,,ID,IDN,1,2020-05-21,54,,,,753,,,,,,,,,,-6.5,106.25,99,9663,,,11834087,,,,,,,,,,,,,,,,,,,,
ID_GO,Q5067,,ID,Indonesia,GO,Gorontalo,,,ID,IDN,1,2020-05-21,16,,,,44,,,,,,,,,,0.666667,123,43,12215,,,,,,,,,,,,,,,,,,,,,,,
ID_JA,Q2051,,ID,Indonesia,JA,Jambi,,,ID,IDN,1,2020-05-21,0,,,,89,,,,,,,,,,-1.583333,103.61667,69,50058,,,,,,,,,,,,,,,,,,,,,,,
ID_JB,Q3724,,ID,Indonesia,JB,West Java,,,ID,IDN,1,2020-05-21,86,,,,1962,,,,,,,,,,-6.75,107.5,881,35378,,,,,,,,,,,,,,,,,,,,,,,
ID_JI,Q3586,,ID,Indonesia,JI,East Java,,,ID,IDN,1,2020-05-21,502,,,,2998,,,,,,,,,,-7.939167,112.95278,1554,47800,,,,,,,,,,,,,,,,,,,,,,,
ID_JK,Q3630,,ID,Indonesia,JK,Jakarta,,,ID,IDN,1,2020-05-21,65,,,,6301,,,,,,,,,,-6.21462,106.84513,8,662,,,9607787,,,,,,,,,,,,,,,,,,,,
ID_JT,Q3557,,ID,Indonesia,JT,Central Java,,,ID,IDN,1,2020-05-21,25,,,,1217,,,,,,,,,,-7.5,110,561,32801,,,34897757,,,,,,,,,,,,,,,,,,,,
ID_KB,Q3916,,ID,Indonesia,KB,West Kalimantan,,,ID,IDN,1,2020-05-21,1,,,,133,,,,,,,,,,0,110.5,33,147307,,,,,,,,,,,,,,,,,,,,,,,
ID_KI,Q3899,,ID,Indonesia,KI,East Kalimantan,,,ID,IDN,1,2020-05-21,2,,,,266,,,,,,,,,,1.05,116.31667,69,129067,,,,,,,,,,,,,,,,,,,,,,,
ID_KR,Q2223,,ID,Indonesia,KR,Riau Islands,,,ID,IDN,1,2020-05-21,0,,,,140,,,,,,,,,,0.9,104.45,,21992,,,,,,,,,,,,,,,,,,,,,,,
ID_KS,Q3906,,ID,Indonesia,KS,South Kalimantan,,,ID,IDN,1,2020-05-21,10,,,,557,,,,,,,,,,-2.5,115.5,35,38744,,,,,,,,,,,,,,,,,,,,,,,
ID_KT,Q3891,,ID,Indonesia,KT,Central Kalimantan,,,ID,IDN,1,2020-05-21,13,,,,254,,,,,,,,,,-2.216667,113.91667,42,153564,,,,,,,,,,,,,,,,,,,,,,,
ID_KU,Q3903,,ID,Indonesia,KU,North Kalimantan,,,ID,IDN,1,2020-05-21,2,,,,162,,,,,,,,,,3.415083,116.46333,79,72275,,,628331,,,,,,,,,,,,,,,,,,,,
ID_LA,Q2110,,ID,Indonesia,LA,Lampung,,,ID,IDN,1,2020-05-21,16,,,,101,,,,,,,,,,-5.45,105.26667,58,35376,,,7972246,,,,,,,,,,,,,,,,,,,,
ID_MA,Q5093,,ID,Indonesia,MA,Maluku,,,ID,IDN,1,2020-05-21,11,,,,135,,,,,,,,,,-3.705,128.17,725,46914,,,,,,,,,,,,,,,,,,,,,,,
ID_MU,Q5094,,ID,Indonesia,MU,North Maluku,,,ID,IDN,1,2020-05-21,1,,,,97,,,,,,,,,,0.783333,127.36667,,31982,,,,,,,,,,,,,,,,,,,,,,,
ID_NB,Q5062,,ID,Indonesia,NB,West Nusa Tenggara,,,ID,IDN,1,2020-05-21,17,,,,410,,,,,,,,,,-8.583333,116.11667,690,19709,,,4702389,,,,,,,,,,,,,,,,,,,,
ID_NT,Q5061,,ID,Indonesia,NT,East Nusa Tenggara,,,ID,IDN,1,2020-05-21,3,,,,79,,,,,,,,,,-10.183333,123.58333,349,48718,,,5070746,,,,,,,,,,,,,,,,,,,,
ID_PA,Q5095,,ID,Indonesia,PA,Papua,,,ID,IDN,1,2020-05-21,1,,,,410,,,,,,,,,,-2.533331,140.71694,32,319036,,,,,,,,,,,,,,,,,,,,,,,
ID_PB,Q5096,,ID,Indonesia,PB,West Papua,,,ID,IDN,1,2020-05-21,4,,,,110,,,,,,,,,,-1.801389,133.67056,16,140376,,,,,,,,,,,,,,,,,,,,,,,
ID_RI,Q2175,,ID,Indonesia,RI,Riau,,,ID,IDN,1,2020-05-21,1,,,,108,,,,,,,,,,0.533333,101.45,10,75569,,,6344402,,,,,,,,,,,,,,,,,,,,
ID_SA,Q5068,,ID,Indonesia,SA,North Sulawesi,,,ID,IDN,1,2020-05-21,28,,,,180,,,,,,,,,,1.25,124.83333,886,15359,,,,,,,,,,,,,,,,,,,,,,,
ID_SB,Q2772,,ID,Indonesia,SB,West Sumatra,,,ID,IDN,1,2020-05-21,8,,,,436,,,,,,,,,,-1,100.5,1250,42012,,,5131882,,,,,,,,,,,,,,,,,,,,
ID_SG,Q5075,,ID,Indonesia,SG,Southeast Sulawesi,,,ID,IDN,1,2020-05-21,0,,,,202,,,,,,,,,,-3.95,122.5,61,38067,,,,,,,,,,,,,,,,,,,,,,,
ID_SN,Q5078,,ID,Indonesia,SN,South Sulawesi,,,ID,IDN,1,2020-05-21,34,,,,1135,,,,,,,,,,-4.333333,120.25,15,46717,,,,,,,,,,,,,,,,,,,,,,,
ID_SR,Q5082,,ID,Indonesia,SR,West Sulawesi,,,ID,IDN,1,2020-05-21,8,,,,86,,,,,,,,,,-2.683333,118.9,121,16787,,,,,,,,,,,,,,,,,,,,,,,
ID_SS,Q2271,,ID,Indonesia,SS,South Sumatra,,,ID,IDN,1,2020-05-21,28,,,,674,,,,,,,,,,-2.75,103.83333,28,91592,,,10675862,,,,,,,,,,,,,,,,,,,,
ID_ST,Q5065,,ID,Indonesia,ST,Central Sulawesi,,,ID,IDN,1,2020-05-21,2,,,,117,,,,,,,,,,-1,121,570,61841,,,2633420,,,,,,,,,,,,,,,,,,,,
ID_SU,Q2140,,ID,Indonesia,SU,North Sumatra,,,ID,IDN,1,2020-05-21,23,,,,273,,,,,,,,,,2,99,1024,72981,,,13527937,,,,,,,,,,,,,,,,,,,,
ID_YO,Q3741,,ID,Indonesia,YO,Yogyakarta,,,ID,IDN,1,2020-05-21,6,,,,215,,,,,,,,,,-7.801389,110.36444,154,3133,,,3542078,,,,,,,,,,,,,,,,,,,,
IT,Q38,country/ITA,IT,Italy,,,,,IT,ITA,0,2020-05-21,665,161,,,227364,32330,,,,,,,,,42.5,12.5,,301338,4.0385288E+10,804,50199700,79.42439,0.722,,,,,,,,,,,,,,,,,,
JP_01,Q35581,,JP,Japan,01,Hokkaido,,,JP,JPN,1,2020-05-21,5,1,,,1012,78,,,,,,,,,43,142,2290,77985,,,5273681,,,,,,,,,,,,,,,,,,,,
JP_11,Q128186,,JP,Japan,11,Saitama,,,JP,JPN,1,2020-05-21,1,,,,993,46,,,,,,,,,35.95,139.55,,3798,,,7194556,,,,,,,,,,,,,,,,,,,,
JP_12,Q80011,,JP,Japan,12,Chiba,,,JP,JPN,1,2020-05-21,3,2,,,898,44,,,,,,,,,35.605,140.12333,,5156,,,6279026,,,,,,,,,,,,,,,,,,,,
JP_13,Q1490,,JP,Japan,13,Tokyo,,,JP,JPN,1,2020-05-21,11,9,,,5086,256,,,,,,,,,35.689722,139.69222,6,2188,,,13942856,,,,,,,,,,,,,,,,,,,,
JP_14,Q127513,,JP,Japan,14,Kanagawa,,,JP,JPN,1,2020-05-21,10,2,,,1312,71,,,,,,,,,35.447508,139.64234,,2416,,,9048331,,,,,,,,,,,,,,,,,,,,
JP_17,Q131281,,JP,Japan,17,Ishikawa,,,JP,JPN,1,2020-05-21,2,,,,292,22,,,,,,,,,36.633333,136.65,,4185,,,1137181,,,,,,,,,,,,,,,,,,,,
JP_22,Q131320,,JP,Japan,22,Shizuoka,,,JP,JPN,1,2020-05-21,1,,,,74,1,,,,,,,,,34.916389,138.31639,,7780,,,3639226,,,,,,,,,,,,,,,,,,,,
JP_27,Q122723,,JP,Japan,27,Osaka,,,JP,JPN,1,2020-05-21,3,,,,1780,76,,,,,,,,,34.686389,135.52,,1899,,,8823453,,,,,,,,,,,,,,,,,,,,
JP_38,Q123376,,JP,Japan,38,Ehime,,,JP,JPN,1,2020-05-21,1,1,,,75,4,,,,,,,,,33.841611,132.76567,,5676,,,1338811,,,,,,,,,,,,,,,,,,,,
MY_01,Q183032,,MY,Malaysia,01,Johor,,,MY,MYS,1,2020-05-21,0,0,,,669,1,,,,,,,,,1.487222,103.78111,1276,19210,,,3348283,,,,,,,,,,,,,,,,,,,,
MY_02,Q188947,,MY,Malaysia,02,Kedah,,,MY,MYS,1,2020-05-21,0,0,,,96,1,,,,,,,,,6.128333,100.36278,,9427,,,1890098,,,,,,,,,,,,,,,,,,,,
MY_03,Q185944,,MY,Malaysia,03,Kelantan,,,MY,MYS,1,2020-05-21,0,0,,,156,1,,,,,,,,,5.25,102,,15099,,,1459994,,,,,,,,,,,,,,,,,,,,
MY_04,Q185221,,MY,Malaysia,04,Malacca,,,MY,MYS,1,2020-05-21,0,0,,,215,1,,,,,,,,,2.2,102.251,,1720,,,788706,,,,,,,,,,,,,,,,,,,,
MY_05,Q213893,,MY,Malaysia,05,Negeri Sembilan,,,MY,MYS,1,2020-05-21,2,1,,,778,2,,,,,,,,,2.75,102.25,,6686,,,997071,,,,,,,,,,,,,,,,,,,,
MY_06,Q191346,,MY,Malaysia,06,Pahang,,,MY,MYS,1,2020-05-21,1,-1,,,339,1,,,,,,,,,3.75,102.5,,35964,,,1443365,,,,,,,,,,,,,,,,,,,,
MY_07,Q188096,,MY,Malaysia,07,Penang,,,MY,MYS,1,2020-05-21,0,0,,,121,2,,,,,,,,,5.383331,100.25,,1031,,,1889839,,,,,,,,,,,,,,,,,,,,
MY_08,Q188953,,MY,Malaysia,08,Perak,,,MY,MYS,1,2020-05-21,0,0,,,255,2,,,,,,,,,4.75,101,,21035,,,2258428,,,,,,,,,,,,,,,,,,,,
MY_09,Q213467,,MY,Malaysia,09,Perlis,,,MY,MYS,1,2020-05-21,0,0,,,18,1,,,,,,,,,6.5,100.25,,821,,,227025,,,,,,,,,,,,,,,,,,,,
MY_10,Q189710,,MY,Malaysia,10,Selangor,,,MY,MYS,1,2020-05-21,8,-7,,,1673,8,,,,,,,,,3.333333,101.5,,8104,,,5411324,,,,,,,,,,,,,,,,,,,,
MY_11,Q189701,,MY,Malaysia,11,Terengganu,,,MY,MYS,1,2020-05-21,0,0,,,111,1,,,,,,,,,4.75,103,,12955,,,1015776,,,,,,,,,,,,,,,,,,,,
MY_12,Q179029,,MY,Malaysia,12,Sabah,,,MY,MYS,1,2020-05-21,0,0,,,338,1,,,,,,,,,5.25,117,4095,76115,,,3117405,,,,,,,,,,,,,,,,,,,,
MY_13,Q170462,,MY,Malaysia,13,Sarawak,,,MY,MYS,1,2020-05-21,0,0,,,544,1,,,,,,,,,3.038056,113.78111,2423,124450,,,2420009,,,,,,,,,,,,,,,,,,,,
MY_14,Q1865,,MY,Malaysia,14,Kuala Lumpur,,,MY,MYS,1,2020-05-21,39,29,,,1637,39,,,,,,,,,3.147778,101.69528,66,244,,,1588750,,,,,,,,,,,,,,,,,,,,
MY_15,Q214504,,MY,Malaysia,15,Labuan,,,MY,MYS,1,2020-05-21,0,0,,,16,1,,,,,,,,,5.3,115.22,,92,,,83920,,,,,,,,,,,,,,,,,,,,
MY_16,Q182378,,MY,Malaysia,16,Putrajaya,,,MY,MYS,1,2020-05-21,0,0,,,93,2,,,,,,,,,2.93,101.69,,49000000,,,67964,,,,,,,,,,,,,,,,,,,,
"NA",Q1030,country/NAM,"NA",Namibia,,,,,"NA",NAM,0,2020-05-21,0,0,,,16,0,,,,,,,,,-23,17,,825615,2.434885E+09,2391,602545,56.533,0.578,,,,,,,,,,,,,,,,,,
NL_DR,Q772,nuts/NL13,NL,Netherlands,DR,Drenthe,,,NL,NLD,1,2020-05-21,0,0,,,501,40,,,,,,,,,52.9167,6.5833,,2680,,,488988,,,,,,,,,,,,,,,,,,,,
NL_DR_0106,Q798,,NL,Netherlands,DR,Drenthe,0106,Assen,NL,NLD,2,2020-05-21,0,0,,,42,2,,,,,,,,,53,6.55,10,83,,,67329,,,,,,,,,,,,,,,,,,,,
NL_DR_0109,Q60453,,NL,Netherlands,DR,Drenthe,0109,Coevorden,NL,NLD,2,2020-05-21,0,0,,,56,2,,,,,,,,,52.666667,6.75,12,300,,,35354,,,,,,,,,,,,,,,,,,,,
NL_DR_0114,Q14641,,NL,Netherlands,DR,Drenthe,0114,Emmen,NL,NLD,2,2020-05-21,0,0,,,102,11,,,,,,,,,52.783333,6.9,23,346,,,107620,,,,,,,,,,,,,,,,,,,,
NL_DR_0118,Q208012,,NL,Netherlands,DR,Drenthe,0118,Hoogeveen,NL,NLD,2,2020-05-21,0,0,,,90,8,,,,,,,,,52.716667,6.466667,12,192,,,55224,,,,,,,,,,,,,,,,,,,,
NL_DR_0119,Q60425,,NL,Netherlands,DR,Drenthe,0119,Meppel,NL,NLD,2,2020-05-21,0,0,,,34,4,,,,,,,,,52.703333,6.191667,,,,,32860,,,,,,,,,,,,,,,,,,,,
NL_DR_1680,Q300665,,NL,Netherlands,DR,Drenthe,1680,Aa en Hunze,NL,NLD,2,2020-05-21,0,0,,,14,0,,,,,,,,,53,6.75,20,279,,,25263,,,,,,,,,,,,,,,,,,,,
NL_DR_1681,Q835118,,NL,Netherlands,DR,Drenthe,1681,Borger-Odoorn,NL,NLD,2,2020-05-21,0,0,,,9,3,,,,,,,,,52.8667,6.85,23,,,,25369,,,,,,,,,,,,,,,,,,,,
NL_DR_1690,Q835108,,NL,Netherlands,DR,Drenthe,1690,De Wolden,NL,NLD,2,2020-05-21,0,0,,,44,5,,,,,,,,,52.6667,6.4167,,,,,23729,,,,,,,,,,,,,,,,,,,,
NL_DR_1699,Q835083,,NL,Netherlands,DR,Drenthe,1699,Noordenveld,NL,NLD,2,2020-05-21,0,0,,,18,1,,,,,,,,,53.1333,6.4167,3,,,,31043,,,,,,,,,,,,,,,,,,,,
NL_DR_1701,Q747920,,NL,Netherlands,DR,Drenthe,1701,Westerveld,NL,NLD,2,2020-05-21,0,0,,,32,4,,,,,,,,,52.7667,6.2333,,,,,18946,,,,,,,,,,,,,,,,,,,,
NL_DR_1730,Q840457,,NL,Netherlands,DR,Drenthe,1730,Tynaarlo,NL,NLD,2,2020-05-21,0,0,,,38,0,,,,,,,,,53.0667,6.5667,6,,,,32796,,,,,,,,,,,,,,,,,,,,
NL_DR_1731,Q835125,,NL,Netherlands,DR,Drenthe,1731,Midden-Drenthe,NL,NLD,2,2020-05-21,0,0,,,22,0,,,,,,,,,52.85,6.5,14,346,,,33449,,,,,,,,,,,,,,,,,,,,
NL_FL,Q707,nuts/NL23,NL,Netherlands,FL,Flevoland,,,NL,NLD,1,2020-05-21,5,0,,,893,82,,,,,,,,,52.533333,5.666667,,1419,,,399893,,,,,,,,,,,,,,,,,,,,
NL_FL_0034,Q83178,,NL,Netherlands,FL,Flevoland,0034,Almere,NL,NLD,2,2020-05-21,1,0,,,412,27,,,,,,,,,52.375833,5.225556,-3,249,,,198315,,,,,,,,,,,,,,,,,,,,
NL_FL_0050,Q184454,,NL,Netherlands,FL,Flevoland,0050,Zeewolde,NL,NLD,2,2020-05-21,1,0,,,43,5,,,,,,,,,52.333333,5.516667,2,269,,,22093,,,,,,,,,,,,,,,,,,,,
NL_FL_0171,Q69262,,NL,Netherlands,FL,Flevoland,0171,Noordoostpolder,NL,NLD,2,2020-05-21,0,0,,,80,9,,,,,,,,,52.71,5.705,-3,595,,,46432,,,,,,,,,,,,,,,,,,,,
NL_FL_0184,Q273746,,NL,Netherlands,FL,Flevoland,0184,Urk,NL,NLD,2,2020-05-21,1,0,,,79,4,,,,,,,,,52.665278,5.605833,0,110,,,19989,,,,,,,,,,,,,,,,,,,,
NL_FL_0303,Q328087,,NL,Netherlands,FL,Flevoland,0303,Dronten,NL,NLD,2,2020-05-21,1,0,,,115,11,,,,,,,,,52.524167,5.7125,-2,424,,,40616,,,,,,,,,,,,,,,,,,,,
NL_FL_0995,Q166065,,NL,Netherlands,FL,Flevoland,0995,Lelystad,NL,NLD,2,2020-05-21,1,0,,,164,26,,,,,,,,,52.516667,5.483333,-3,765,,,76810,,,,,,,,,,,,,,,,,,,,
NL_FR,Q770,nuts/NL12,NL,Netherlands,FR,Friesland,,,NL,NLD,1,2020-05-21,2,0,,,602,60,,,,,,,,,53.166667,5.669444,,5749,,,646317,,,,,,,,,,,,,,,,,,,,
NL_FR_0059,Q341024,,NL,Netherlands,FR,Friesland,0059,Achtkarspelen,NL,NLD,2,2020-05-21,0,0,,,11,0,,,,,,,,,53.216667,6.133333,2,104,,,28010,,,,,,,,,,,,,,,,,,,,
NL_FR_0060,Q208259,,NL,Netherlands,FR,Friesland,0060,Ameland,NL,NLD,2,2020-05-21,0,0,,,0,0,,,,,,,,,53.4503,5.7536,4,268,,,3655,,,,,,,,,,,,,,,,,,,,
NL_FR_0072,Q60475,,NL,Netherlands,FR,Friesland,0072,Harlingen,NL,NLD,2,2020-05-21,0,0,,,17,1,,,,,,,,,53.1736,5.4272,2,25,,,15822,,,,,,,,,,,,,,,,,,,,
NL_FR_0074,Q574558,,NL,Netherlands,FR,Friesland,0074,Heerenveen,NL,NLD,2,2020-05-21,1,0,,,91,19,,,,,,,,,52.9658,6.0503,1,188,,,50175,,,,,,,,,,,,,,,,,,,,
NL_FR_0080,Q25390,,NL,Netherlands,FR,Friesland,0080,Leeuwarden,NL,NLD,2,2020-05-21,0,0,,,58,6,,,,,,,,,53.2,5.783333,3,84,,,92146,,,,,,,,,,,,,,,,,,,,
NL_FR_0085,Q259205,,NL,Netherlands,FR,Friesland,0085,Ooststellingwerf,NL,NLD,2,2020-05-21,0,0,,,7,0,,,,,,,,,52.9875,6.2914,7,226,,,25573,,,,,,,,,,,,,,,,,,,,
NL_FR_0086,Q840632,,NL,Netherlands,FR,Friesland,0086,Opsterland,NL,NLD,2,2020-05-21,0,0,,,23,0,,,,,,,,,53.0036,6.0664,3,228,,,29836,,,,,,,,,,,,,,,,,,,,
NL_FR_0088,Q208011,,NL,Netherlands,FR,Friesland,0088,Schiermonnikoog,NL,NLD,2,2020-05-21,0,0,,,0,0,,,,,,,,,53.4892,6.2022,4,191,,,918,,,,,,,,,,,,,,,,,,,,
NL_FR_0090,Q507065,,NL,Netherlands,FR,Friesland,0090,Smallingerland,NL,NLD,2,2020-05-21,0,0,,,55,5,,,,,,,,,53.1,6.1,1,126,,,55443,,,,,,,,,,,,,,,,,,,,
NL_FR_0093,Q204412,,NL,Netherlands,FR,Friesland,0093,Terschelling,NL,NLD,2,2020-05-21,0,0,,,2,0,,,,,,,,,53.4011,5.3314,6,674,,,4874,,,,,,,,,,,,,,,,,,,,
NL_FR_0096,Q207851,,NL,Netherlands,FR,Friesland,0096,Vlieland,NL,NLD,2,2020-05-21,0,0,,,0,0,,,,,,,,,53.2583,4.9558,0,36,,,1139,,,,,,,,,,,,,,,,,,,,
NL_FR_0098,Q753913,,NL,Netherlands,FR,Friesland,0098,Weststellingwerf,NL,NLD,2,2020-05-21,0,0,,,28,4,,,,,,,,,52.883333,6,2,,,,25518,,,,,,,,,,,,,,,,,,,,
NL_FR_0737,Q840636,,NL,Netherlands,FR,Friesland,0737,Tytsjerksteradiel,NL,NLD,2,2020-05-21,0,0,,,15,1,,,,,,,,,53.2,6,1,,,,32059,,,,,,,,,,,,,,,,,,,,
NL_FR_1891,Q389213,,NL,Netherlands,FR,Friesland,1891,Dantumadiel,NL,NLD,2,2020-05-21,0,0,,,6,0,,,,,,,,,53.28,5.9831,2,88,,,19012,,,,,,,,,,,,,,,,,,,,
NL_FR_1900,Q1473276,,NL,Netherlands,FR,Friesland,1900,Súdwest-Fryslân,NL,NLD,2,2020-05-21,0,0,,,101,3,,,,,,,,,53,5.5444,2,842,,,84040,,,,,,,,,,,,,,,,,,,,
NL_FR_1940,Q2114866,,NL,Netherlands,FR,Friesland,1940,De Fryske Marren,NL,NLD,2,2020-05-21,1,0,,,64,5,,,,,,,,,52.925,5.683333,2,549,,,51277,,,,,,,,,,,,,,,,,,,,
NL_FR_1949,Q27526271,,NL,Netherlands,FR,Friesland,1949,Waadhoeke,NL,NLD,2,2020-05-21,0,0,,,99,12,,,,,,,,,53.1875,5.54,,,,,46104,,,,,,,,,,,,,,,,,,,,
NL_FR_1970,Q29509979,,NL,Netherlands,FR,Friesland,1970,Noardeast-Fryslân,NL,NLD,2,2020-05-21,0,0,,,25,4,,,,,,,,,53.334722,6.047222,,516,,,45181,,,,,,,,,,,,,,,,,,,,
NL_GE,Q775,nuts/NL22,NL,Netherlands,GE,Gelderland,,,NL,NLD,1,2020-05-21,20,2,,,5615,656,,,,,,,,,52.0833,5.9167,,5137,,,2019692,,,,,,,,,,,,,,,,,,,,
NL_GE_0197,Q275909,,NL,Netherlands,GE,Gelderland,0197,Aalten,NL,NLD,2,2020-05-21,0,0,,,55,7,,,,,,,,,51.925,6.5808,31,97,,,26909,,,,,,,,,,,,,,,,,,,,
NL_GE_0200,Q101918,,NL,Netherlands,GE,Gelderland,0200,Apeldoorn,NL,NLD,2,2020-05-21,0,0,,,386,49,,,,,,,,,52.2167,5.95,16,341,,,159041,,,,,,,,,,,,,,,,,,,,
NL_GE_0202,Q1310,,NL,Netherlands,GE,Gelderland,0202,Arnhem,NL,NLD,2,2020-05-21,3,0,,,284,26,,,,,,,,,51.983333,5.916667,13,102,,,153864,,,,,,,,,,,,,,,,,,,,
NL_GE_0203,Q164098,,NL,Netherlands,GE,Gelderland,0203,Barneveld,NL,NLD,2,2020-05-21,0,0,,,122,6,,,,,,,,,52.1333,5.5833,10,177,,,55437,,,,,,,,,,,,,,,,,,,,
NL_GE_0209,Q851244,,NL,Netherlands,GE,Gelderland,0209,Beuningen,NL,NLD,2,2020-05-21,0,0,,,69,5,,,,,,,,,51.85,5.75,9,47,,,25285,,,,,,,,,,,,,,,,,,,,
NL_GE_0213,Q843895,,NL,Netherlands,GE,Gelderland,0213,Brummen,NL,NLD,2,2020-05-21,0,0,,,35,5,,,,,,,,,52.1,6.166667,10,85,,,20941,,,,,,,,,,,,,,,,,,,,
NL_GE_0214,Q73061,,NL,Netherlands,GE,Gelderland,0214,Buren,NL,NLD,2,2020-05-21,0,0,,,47,7,,,,,,,,,51.9106,5.3333,5,143,,,26208,,,,,,,,,,,,,,,,,,,,
NL_GE_0216,Q816699,,NL,Netherlands,GE,Gelderland,0216,Culemborg,NL,NLD,2,2020-05-21,1,0,,,61,7,,,,,,,,,51.94465,5.20946,5,31,,,27520,,,,,,,,,,,,,,,,,,,,
NL_GE_0221,Q165736,,NL,Netherlands,GE,Gelderland,0221,Doesburg,NL,NLD,2,2020-05-21,0,0,,,32,6,,,,,,,,,52.016667,6.133333,13,13,,,11336,,,,,,,,,,,,,,,,,,,,
NL_GE_0222,Q145845,,NL,Netherlands,GE,Gelderland,0222,Doetinchem,NL,NLD,2,2020-05-21,0,0,,,95,15,,,,,,,,,51.966667,6.283333,14,80,,,56832,,,,,,,,,,,,,,,,,,,,
NL_GE_0225,Q932142,,NL,Netherlands,GE,Gelderland,0225,Druten,NL,NLD,2,2020-05-21,0,0,,,111,8,,,,,,,,,51.8889,5.6044,,42,,,18407,,,,,,,,,,,,,,,,,,,,
NL_GE_0226,Q613989,,NL,Netherlands,GE,Gelderland,0226,Duiven,NL,NLD,2,2020-05-21,0,0,,,46,6,,,,,,,,,51.9472,6.0211,10,35,,,25437,,,,,,,,,,,,,,,,,,,,
NL_GE_0228,Q26555,,NL,Netherlands,GE,Gelderland,0228,Ede,NL,NLD,2,2020-05-21,2,0,,,205,20,,,,,,,,,52.05,5.666667,30,319,,,112430,,,,,,,,,,,,,,,,,,,,
NL_GE_0230,Q165662,,NL,Netherlands,GE,Gelderland,0230,Elburg,NL,NLD,2,2020-05-21,0,0,,,127,8,,,,,,,,,52.4333,5.85,1,,,,22930,,,,,,,,,,,,,,,,,,,,
NL_GE_0232,Q238396,,NL,Netherlands,GE,Gelderland,0232,Epe,NL,NLD,2,2020-05-21,0,0,,,133,23,,,,,,,,,52.3333,5.9167,13,157,,,32271,,,,,,,,,,,,,,,,,,,,
NL_GE_0233,Q753920,,NL,Netherlands,GE,Gelderland,0233,Ermelo,NL,NLD,2,2020-05-21,0,0,,,124,21,,,,,,,,,52.3,5.633056,13,87,,,26506,,,,,,,,,,,,,,,,,,,,
NL_GE_0243,Q58931,,NL,Netherlands,GE,Gelderland,0243,Harderwijk,NL,NLD,2,2020-05-21,1,0,,,150,18,,,,,,,,,52.350556,5.617222,3,48,,,45973,,,,,,,,,,,,,,,,,,,,
NL_GE_0244,Q58797,,NL,Netherlands,GE,Gelderland,0244,Hattem,NL,NLD,2,2020-05-21,0,0,,,41,5,,,,,,,,,52.474444,6.069722,5,24,,,11894,,,,,,,,,,,,,,,,,,,,
NL_GE_0246,Q615491,,NL,Netherlands,GE,Gelderland,0246,Heerde,NL,NLD,2,2020-05-21,0,0,,,190,27,,,,,,,,,52.4,6.0667,7,80,,,18556,,,,,,,,,,,,,,,,,,,,
NL_GE_0252,Q932155,,NL,Netherlands,GE,Gelderland,0252,Heumen,NL,NLD,2,2020-05-21,0,0,,,71,9,,,,,,,,,51.7656,5.8433,11,42,,,16363,,,,,,,,,,,,,,,,,,,,
NL_GE_0262,Q932058,,NL,Netherlands,GE,Gelderland,0262,Lochem,NL,NLD,2,2020-05-21,0,0,,,90,14,,,,,,,,,52.15,6.4167,14,216,,,33326,,,,,,,,,,,,,,,,,,,,
NL_GE_0263,Q904544,,NL,Netherlands,GE,Gelderland,0263,Maasdriel,NL,NLD,2,2020-05-21,0,0,,,47,7,,,,,,,,,51.7667,5.3333,4,75,,,24088,,,,,,,,,,,,,,,,,,,,
NL_GE_0267,Q73226,,NL,Netherlands,GE,Gelderland,0267,Nijkerk,NL,NLD,2,2020-05-21,1,0,,,57,3,,,,,,,,,52.2167,5.4833,1,72,,,41200,,,,,,,,,,,,,,,,,,,,
NL_GE_0268,Q47887,,NL,Netherlands,GE,Gelderland,0268,Nijmegen,NL,NLD,2,2020-05-21,1,0,,,595,64,,,,,,,,,51.8475,5.8625,29,58,,,172063,,,,,,,,,,,,,,,,,,,,
NL_GE_0269,Q932042,,NL,Netherlands,GE,Gelderland,0269,Oldebroek,NL,NLD,2,2020-05-21,0,0,,,156,19,,,,,,,,,52.4667,5.9167,2,99,,,23105,,,,,,,,,,,,,,,,,,,,
NL_GE_0273,Q939948,,NL,Netherlands,GE,Gelderland,0273,Putten,NL,NLD,2,2020-05-21,0,0,,,24,0,,,,,,,,,52.266667,5.616667,17,87,,,24489,,,,,,,,,,,,,,,,,,,,
NL_GE_0274,Q691725,,NL,Netherlands,GE,Gelderland,0274,Renkum,NL,NLD,2,2020-05-21,1,2,,,68,7,,,,,,,,,51.966667,5.733333,51,47,,,31247,,,,,,,,,,,,,,,,,,,,
NL_GE_0275,Q843899,,NL,Netherlands,GE,Gelderland,0275,Rheden,NL,NLD,2,2020-05-21,0,0,,,106,14,,,,,,,,,52,6.016667,28,84,,,43616,,,,,,,,,,,,,,,,,,,,
NL_GE_0277,Q372592,,NL,Netherlands,GE,Gelderland,0277,Rozendaal,NL,NLD,2,2020-05-21,0,0,,,3,0,,,,,,,,,52,5.9667,41,28,,,1654,,,,,,,,,,,,,,,,,,,,
NL_GE_0279,Q939964,,NL,Netherlands,GE,Gelderland,0279,Scherpenzeel,NL,NLD,2,2020-05-21,0,0,,,28,2,,,,,,,,,52.0667,5.4833,5,14,,,9531,,,,,,,,,,,,,,,,,,,,
NL_GE_0281,Q73221,,NL,Netherlands,GE,Gelderland,0281,Tiel,NL,NLD,2,2020-05-21,0,0,,,107,18,,,,,,,,,51.8833,5.4333,7,36,,,42015,,,,,,,,,,,,,,,,,,,,
NL_GE_0285,Q384772,,NL,Netherlands,GE,Gelderland,0285,Voorst,NL,NLD,2,2020-05-21,0,0,,,47,11,,,,,,,,,52.2333,6.0833,6,126,,,23983,,,,,,,,,,,,,,,,,,,,
NL_GE_0289,Q1305,,NL,Netherlands,GE,Gelderland,0289,Wageningen,NL,NLD,2,2020-05-21,0,0,,,48,9,,,,,,,,,51.964444,5.663056,9,32,,,37865,,,,,,,,,,,,,,,,,,,,
NL_GE_0293,Q524808,,NL,Netherlands,GE,Gelderland,0293,Westervoort,NL,NLD,2,2020-05-21,0,0,,,35,5,,,,,,,,,51.966667,5.966667,11,8,,,15002,,,,,,,,,,,,,,,,,,,,
NL_GE_0294,Q72974,,NL,Netherlands,GE,Gelderland,0294,Winterswijk,NL,NLD,2,2020-05-21,0,0,,,41,3,,,,,,,,,51.966667,6.716667,37,139,,,28937,,,,,,,,,,,,,,,,,,,,
NL_GE_0296,Q72981,,NL,Netherlands,GE,Gelderland,0296,Wijchen,NL,NLD,2,2020-05-21,2,0,,,142,12,,,,,,,,,51.8067,5.7211,9,70,,,40804,,,,,,,,,,,,,,,,,,,,
NL_GE_0297,Q1532373,,NL,Netherlands,GE,Gelderland,0297,Zaltbommel,NL,NLD,2,2020-05-21,1,0,,,95,9,,,,,,,,,51.8167,5.25,3,89,,,27549,,,,,,,,,,,,,,,,,,,,
NL_GE_0299,Q197050,,NL,Netherlands,GE,Gelderland,0299,Zevenaar,NL,NLD,2,2020-05-21,0,0,,,101,15,,,,,,,,,51.916667,6.083333,12,58,,,32271,,,,,,,,,,,,,,,,,,,,
NL_GE_0301,Q109535,,NL,Netherlands,GE,Gelderland,0301,Zutphen,NL,NLD,2,2020-05-21,0,0,,,92,13,,,,,,,,,52.14,6.195,10,43,,,47423,,,,,,,,,,,,,,,,,,,,
NL_GE_0302,Q931997,,NL,Netherlands,GE,Gelderland,0302,Nunspeet,NL,NLD,2,2020-05-21,0,0,,,212,20,,,,,,,,,52.3333,5.7833,8,129,,,26835,,,,,,,,,,,,,,,,,,,,
NL_GE_0668,Q658081,,NL,Netherlands,GE,Gelderland,0668,West Maas en Waal,NL,NLD,2,2020-05-21,0,0,,,81,9,,,,,,,,,51.8503,5.4864,7,85,,,18708,,,,,,,,,,,,,,,,,,,,
NL_GE_1509,Q932031,,NL,Netherlands,GE,Gelderland,1509,Oude IJsselstreek,NL,NLD,2,2020-05-21,0,0,,,75,9,,,,,,,,,51.8667,6.3833,15,138,,,39653,,,,,,,,,,,,,,,,,,,,
NL_GE_1586,Q1147580,,NL,Netherlands,GE,Gelderland,1586,Oost Gelre,NL,NLD,2,2020-05-21,0,0,,,54,6,,,,,,,,,51.9833,6.5833,21,110,,,29538,,,,,,,,,,,,,,,,,,,,
NL_GE_1705,Q952939,,NL,Netherlands,GE,Gelderland,1705,Lingewaard,NL,NLD,2,2020-05-21,1,0,,,113,10,,,,,,,,,51.9,5.9,11,69,,,45952,,,,,,,,,,,,,,,,,,,,
NL_GE_1734,Q600871,,NL,Netherlands,GE,Gelderland,1734,Overbetuwe,NL,NLD,2,2020-05-21,1,0,,,126,16,,,,,,,,,51.9167,5.85,10,115,,,47003,,,,,,,,,,,,,,,,,,,,
NL_GE_1740,Q952997,,NL,Netherlands,GE,Gelderland,1740,Neder-Betuwe,NL,NLD,2,2020-05-21,0,0,,,122,20,,,,,,,,,51.9333,5.6333,7,68,,,23051,,,,,,,,,,,,,,,,,,,,
NL_GE_1859,Q47104,,NL,Netherlands,GE,Gelderland,1859,Berkelland,NL,NLD,2,2020-05-21,0,0,,,73,7,,,,,,,,,52.1167,6.5167,16,261,,,44443,,,,,,,,,,,,,,,,,,,,
NL_GE_1876,Q747999,,NL,Netherlands,GE,Gelderland,1876,Bronckhorst,NL,NLD,2,2020-05-21,1,0,,,72,7,,,,,,,,,52.05,6.3,13,,,,36499,,,,,,,,,,,,,,,,,,,,
NL_GE_1945,Q18088965,,NL,Netherlands,GE,Gelderland,1945,Berg en Dal,NL,NLD,2,2020-05-21,1,0,,,154,16,,,,,,,,,51.8292,5.92583,34,44,,,34579,,,,,,,,,,,,,,,,,,,,
NL_GE_1955,Q952963,,NL,Netherlands,GE,Gelderland,1955,Montferland,NL,NLD,2,2020-05-21,0,0,,,88,8,,,,,,,,,51.9333,6.15,13,107,,,35174,,,,,,,,,,,,,,,,,,,,
NL_GE_1960,Q30142059,,NL,Netherlands,GE,Gelderland,1960,West Betuwe,NL,NLD,2,2020-05-21,3,0,,,179,25,,,,,,,,,51.883333,5.283333,,,,,50515,,,,,,,,,,,,,,,,,,,,
NL_GR,Q752,nuts/NL11,NL,Netherlands,GR,Groningen,,,NL,NLD,1,2020-05-21,2,0,,,346,15,,,,,,,,,53.258056,6.737778,,2960,,,582728,,,,,,,,,,,,,,,,,,,,
NL_GR_0003,Q995,,NL,Netherlands,GR,Groningen,0003,Appingedam,NL,NLD,2,2020-05-21,0,0,,,5,0,,,,,,,,,53.316667,6.866667,0,25,,,12007,,,,,,,,,,,,,,,,,,,,
NL_GR_0010,Q322986,nuts/NL112,NL,Netherlands,GR,Groningen,0010,Delfzijl,NL,NLD,2,2020-05-21,0,0,,,17,0,,,,,,,,,53.333333,6.916667,1,228,,,25732,,,,,,,,,,,,,,,,,,,,
NL_GR_0014,Q749,,NL,Netherlands,GR,Groningen,0014,Groningen,NL,NLD,2,2020-05-21,1,0,,,165,3,,,,,,,,,53.218528,6.567,7,84,,,200952,,,,,,,,,,,,,,,,,,,,
NL_GR_0024,Q849574,,NL,Netherlands,GR,Groningen,0024,Loppersum,NL,NLD,2,2020-05-21,0,0,,,2,0,,,,,,,,,53.3167,6.7333,1,112,,,10038,,,,,,,,,,,,,,,,,,,,
NL_GR_0037,Q73074,,NL,Netherlands,GR,Groningen,0037,Stadskanaal,NL,NLD,2,2020-05-21,0,0,,,7,1,,,,,,,,,52.983333,6.95,6,120,,,32629,,,,,,,,,,,,,,,,,,,,
NL_GR_0047,Q73065,,NL,Netherlands,GR,Groningen,0047,Veendam,NL,NLD,2,2020-05-21,0,0,,,8,0,,,,,,,,,53.1,6.883333,2,,,,27752,,,,,,,,,,,,,,,,,,,,
NL_GR_0765,Q932077,,NL,Netherlands,GR,Groningen,0765,Pekela,NL,NLD,2,2020-05-21,0,0,,,5,0,,,,,,,,,53.0833,6.98333,1,50,,,12594,,,,,,,,,,,,,,,,,,,,
NL_GR_1895,Q1347872,,NL,Netherlands,GR,Groningen,1895,Oldambt,NL,NLD,2,2020-05-21,0,0,,,13,1,,,,,,,,,53.15,7.033333,2,296,,,38225,,,,,,,,,,,,,,,,,,,,
NL_GR_1950,Q27768267,,NL,Netherlands,GR,Groningen,1950,Westerwolde,NL,NLD,2,2020-05-21,0,0,,,6,0,,,,,,,,,53.091904,7.126865,,281,,,25000,,,,,,,,,,,,,,,,,,,,
NL_GR_1952,Q23991032,,NL,Netherlands,GR,Groningen,1952,Midden-Groningen,NL,NLD,2,2020-05-21,1,0,,,32,3,,,,,,,,,53.184722,6.811111,,314,,,60956,,,,,,,,,,,,,,,,,,,,
NL_GR_1966,Q27959423,,NL,Netherlands,GR,Groningen,1966,Het Hogeland,NL,NLD,2,2020-05-21,0,0,,,29,3,,,,,,,,,53.4136,6.5273,,,,,47888,,,,,,,,,,,,,,,,,,,,
NL_GR_1969,Q30011757,,NL,Netherlands,GR,Groningen,1969,Westerkwartier,NL,NLD,2,2020-05-21,0,0,,,57,4,,,,,,,,,53.2249,6.3528,,,,,63031,,,,,,,,,,,,,,,,,,,,
NL_LI,Q1093,nuts/NL42,NL,Netherlands,LI,Limburg,,,NL,NLD,1,2020-05-21,16,3,,,4554,713,,,,,,,,,51.21,5.936111,,2153,,,1120006,,,,,,,,,,,,,,,,,,,,
NL_LI_0882,Q9795,,NL,Netherlands,LI,Limburg,0882,Landgraaf,NL,NLD,2,2020-05-21,3,0,,,136,13,,,,,,,,,50.9083,6.0297,161,25,,,37471,,,,,,,,,,,,,,,,,,,,
NL_LI_0888,Q3972033,,NL,Netherlands,LI,Limburg,0888,Beek,NL,NLD,2,2020-05-21,0,0,,,43,5,,,,,,,,,50.933333,5.8,81,,,,,,,,,,,,,,,,,,,,,,,,
NL_LI_0889,Q9805,,NL,Netherlands,LI,Limburg,0889,Beesel,NL,NLD,2,2020-05-21,0,0,,,41,8,,,,,,,,,51.2669,6.0392,25,29,,,13387,,,,,,,,,,,,,,,,,,,,
NL_LI_0893,Q9804,,NL,Netherlands,LI,Limburg,0893,Bergen,NL,NLD,2,2020-05-21,0,0,,,23,2,,,,,,,,,51.5992,6.0336,16,108,,,13088,,,,,,,,,,,,,,,,,,,,
NL_LI_0899,Q9803,,NL,Netherlands,LI,Limburg,0899,Brunssum,NL,NLD,2,2020-05-21,1,1,,,97,15,,,,,,,,,50.95,5.966667,81,17,,,28450,,,,,,,,,,,,,,,,,,,,
NL_LI_0907,Q9800,,NL,Netherlands,LI,Limburg,0907,Gennep,NL,NLD,2,2020-05-21,0,0,,,55,10,,,,,,,,,51.6942,5.9733,13,50,,,17092,,,,,,,,,,,,,,,,,,,,
NL_LI_0917,Q9799,,NL,Netherlands,LI,Limburg,0917,Heerlen,NL,NLD,2,2020-05-21,1,0,,,361,51,,,,,,,,,50.883333,5.983333,113,46,,,87452,,,,,,,,,,,,,,,,,,,,
NL_LI_0928,Q9796,,NL,Netherlands,LI,Limburg,0928,Kerkrade,NL,NLD,2,2020-05-21,3,0,,,198,33,,,,,,,,,50.866667,6.066667,155,22,,,46031,,,,,,,,,,,,,,,,,,,,
NL_LI_0935,Q1309,,NL,Netherlands,LI,Limburg,0935,Maastricht,NL,NLD,2,2020-05-21,4,2,,,840,127,,,,,,,,,50.866667,5.683333,49,60,,,122418,,,,,,,,,,,,,,,,,,,,
NL_LI_0938,Q9772,,NL,Netherlands,LI,Limburg,0938,Meerssen,NL,NLD,2,2020-05-21,0,0,,,104,12,,,,,,,,,50.8858,5.7519,57,28,,,19046,,,,,,,,,,,,,,,,,,,,
NL_LI_0944,Q9791,,NL,Netherlands,LI,Limburg,0944,Mook en Middelaar,NL,NLD,2,2020-05-21,0,0,,,35,5,,,,,,,,,51.7525,5.8817,12,19,,,7757,,,,,,,,,,,,,,,,,,,,
NL_LI_0946,Q9789,,NL,Netherlands,LI,Limburg,0946,Nederweert,NL,NLD,2,2020-05-21,0,0,,,50,7,,,,,,,,,51.2828,5.7472,33,102,,,16798,,,,,,,,,,,,,,,,,,,,
NL_LI_0957,Q9783,,NL,Netherlands,LI,Limburg,0957,Roermond,NL,NLD,2,2020-05-21,0,0,,,129,22,,,,,,,,,51.193333,5.987222,22,71,,,57308,,,,,,,,,,,,,,,,,,,,
NL_LI_0965,Q9769,,NL,Netherlands,LI,Limburg,0965,Simpelveld,NL,NLD,2,2020-05-21,0,0,,,45,5,,,,,,,,,50.835,5.9822,138,16,,,10743,,,,,,,,,,,,,,,,,,,,
NL_LI_0971,Q9780,,NL,Netherlands,LI,Limburg,0971,Stein,NL,NLD,2,2020-05-21,0,0,,,114,15,,,,,,,,,50.9679,5.7652,61,23,,,25056,,,,,,,,,,,,,,,,,,,,
NL_LI_0981,Q9768,,NL,Netherlands,LI,Limburg,0981,Vaals,NL,NLD,2,2020-05-21,0,0,,,30,1,,,,,,,,,50.769444,6.018056,200,24,,,9599,,,,,,,,,,,,,,,,,,,,
NL_LI_0983,Q9777,,NL,Netherlands,LI,Limburg,0983,Venlo,NL,NLD,2,2020-05-21,0,0,,,296,62,,,,,,,,,51.366667,6.166667,23,129,,,100862,,,,,,,,,,,,,,,,,,,,
NL_LI_0984,Q9775,,NL,Netherlands,LI,Limburg,0984,Venray,NL,NLD,2,2020-05-21,0,0,,,102,17,,,,,,,,,51.5258,5.9747,25,146,,,43311,,,,,,,,,,,,,,,,,,,,
NL_LI_0986,Q9770,,NL,Netherlands,LI,Limburg,0986,Voerendaal,NL,NLD,2,2020-05-21,0,0,,,45,7,,,,,,,,,50.8833,5.9167,92,32,,,12480,,,,,,,,,,,,,,,,,,,,
NL_LI_0988,Q9774,,NL,Netherlands,LI,Limburg,0988,Weert,NL,NLD,2,2020-05-21,0,0,,,128,13,,,,,,,,,51.25,5.7,35,106,,,49097,,,,,,,,,,,,,,,,,,,,
NL_LI_0994,Q9771,,NL,Netherlands,LI,Limburg,0994,Valkenburg aan de Geul,NL,NLD,2,2020-05-21,1,0,,,84,7,,,,,,,,,50.85,5.833333,73,37,,,16512,,,,,,,,,,,,,,,,,,,,
NL_LI_1507,Q9797,,NL,Netherlands,LI,Limburg,1507,Horst aan de Maas,NL,NLD,2,2020-05-21,0,0,,,120,24,,,,,,,,,51.4369,6.1061,24,192,,,41671,,,,,,,,,,,,,,,,,,,,
NL_LI_1640,Q9793,,NL,Netherlands,LI,Limburg,1640,Leudal,NL,NLD,2,2020-05-21,1,0,,,180,32,,,,,,,,,51.233333,5.866667,28,165,,,36137,,,,,,,,,,,,,,,,,,,,
NL_LI_1641,Q9792,,NL,Netherlands,LI,Limburg,1641,Maasgouw,NL,NLD,2,2020-05-21,0,0,,,102,14,,,,,,,,,51.15,5.8833,27,58,,,23757,,,,,,,,,,,,,,,,,,,,
NL_LI_1669,Q9784,,NL,Netherlands,LI,Limburg,1669,Roerdalen,NL,NLD,2,2020-05-21,0,0,,,47,7,,,,,,,,,51.1531,6.0792,28,89,,,20691,,,,,,,,,,,,,,,,,,,,
NL_LI_1711,Q9802,,NL,Netherlands,LI,Limburg,1711,Echt-Susteren,NL,NLD,2,2020-05-21,0,0,,,89,15,,,,,,,,,51.0833,5.8667,30,105,,,31937,,,,,,,,,,,,,,,,,,,,
NL_LI_1729,Q9767,,NL,Netherlands,LI,Limburg,1729,Gulpen-Wittem,NL,NLD,2,2020-05-21,0,0,,,75,14,,,,,,,,,50.8161,5.8983,95,73,,,14526,,,,,,,,,,,,,,,,,,,,
NL_LI_1883,Q9781,,NL,Netherlands,LI,Limburg,1883,Sittard-Geleen,NL,NLD,2,2020-05-21,1,0,,,396,59,,,,,,,,,51,5.85,47,81,,,93332,,,,,,,,,,,,,,,,,,,,
NL_LI_1894,Q9785,,NL,Netherlands,LI,Limburg,1894,Peel en Maas,NL,NLD,2,2020-05-21,0,0,,,265,62,,,,,,,,,51.316667,5.983333,34,161,,,43320,,,,,,,,,,,,,,,,,,,,
NL_LI_1903,Q9766,,NL,Netherlands,LI,Limburg,1903,Eijsden-Margraten,NL,NLD,2,2020-05-21,1,0,,,161,27,,,,,,,,,50.791667,5.756111,56,78,,,24995,,,,,,,,,,,,,,,,,,,,
NL_LI_1954,Q29957432,,NL,Netherlands,LI,Limburg,1954,Beekdaelen,NL,NLD,2,2020-05-21,0,0,,,163,22,,,,,,,,,50.942889,5.886611,,,,,35727,,,,,,,,,,,,,,,,,,,,
NL_NB,Q1101,nuts/NL41,NL,Netherlands,NB,North Brabant,,,NL,NLD,1,2020-05-21,-443,-76,,,8278,1412,,,,,,,,,51.666667,5,,4919,,,2479274,,,,,,,,,,,,,,,,,,,,
NL_NB_0743,Q9810,,NL,Netherlands,NB,North Brabant,0743,Asten,NL,NLD,2,2020-05-21,0,0,,,73,12,,,,,,,,,51.4031,5.7472,27,,,,16584,,,,,,,,,,,,,,,,,,,,
NL_NB_0744,Q9811,,NL,Netherlands,NB,North Brabant,0744,Baarle-Nassau,NL,NLD,2,2020-05-21,0,0,,,25,2,,,,,,,,,51.45,4.933333,28,76,,,6612,,,,,,,,,,,,,,,,,,,,
NL_NB_0748,Q192508,,NL,Netherlands,NB,North Brabant,0748,Bergen op Zoom,NL,NLD,2,2020-05-21,6,0,,,148,9,,,,,,,,,51.5,4.3,10,93,,,66445,,,,,,,,,,,,,,,,,,,,
NL_NB_0753,Q9816,,NL,Netherlands,NB,North Brabant,0753,Best,NL,NLD,2,2020-05-21,0,0,,,73,10,,,,,,,,,51.5108,5.3922,16,,,,28988,,,,,,,,,,,,,,,,,,,,
NL_NB_0755,Q9818,,NL,Netherlands,NB,North Brabant,0755,Boekel,NL,NLD,2,2020-05-21,0,0,,,89,21,,,,,,,,,51.6011,5.6742,,35,,,10253,,,,,,,,,,,,,,,,,,,,
NL_NB_0756,Q9819,,NL,Netherlands,NB,North Brabant,0756,Boxmeer,NL,NLD,2,2020-05-21,1,0,,,115,27,,,,,,,,,51.6483,5.9444,13,114,,,28467,,,,,,,,,,,,,,,,,,,,
NL_NB_0757,Q9821,,NL,Netherlands,NB,North Brabant,0757,Boxtel,NL,NLD,2,2020-05-21,0,0,,,84,15,,,,,,,,,51.5911,5.3275,8,,,,30393,,,,,,,,,,,,,,,,,,,,
NL_NB_0758,Q40844,,NL,Netherlands,NB,North Brabant,0758,Breda,NL,NLD,2,2020-05-21,1,0,,,468,61,,,,,,,,,51.583333,4.783333,3,129,,,183456,,,,,,,,,,,,,,,,,,,,
NL_NB_0762,Q9828,,NL,Netherlands,NB,North Brabant,0762,Deurne,NL,NLD,2,2020-05-21,1,0,,,166,23,,,,,,,,,51.4639,5.7947,26,,,,31871,,,,,,,,,,,,,,,,,,,,
NL_NB_0766,Q9829,,NL,Netherlands,NB,North Brabant,0766,Dongen,NL,NLD,2,2020-05-21,0,0,,,76,12,,,,,,,,,51.6258,4.9433,,,,,25425,,,,,,,,,,,,,,,,,,,,
NL_NB_0770,Q9831,,NL,Netherlands,NB,North Brabant,0770,Eersel,NL,NLD,2,2020-05-21,1,0,,,65,10,,,,,,,,,51.3572,5.3147,31,,,,18553,,,,,,,,,,,,,,,,,,,,
NL_NB_0772,Q9832,,NL,Netherlands,NB,North Brabant,0772,Eindhoven,NL,NLD,2,2020-05-21,0,0,,,488,82,,,,,,,,,51.434444,5.484167,17,89,,,226868,,,,,,,,,,,,,,,,,,,,
NL_NB_0777,Q9833,,NL,Netherlands,NB,North Brabant,0777,Etten-Leur,NL,NLD,2,2020-05-21,3,0,,,176,30,,,,,,,,,51.5706,4.6356,8,,,,42834,,,,,,,,,,,,,,,,,,,,
NL_NB_0779,Q9834,,NL,Netherlands,NB,North Brabant,0779,Geertruidenberg,NL,NLD,2,2020-05-21,1,0,,,43,6,,,,,,,,,51.7008,4.8603,3,30,,,21628,,,,,,,,,,,,,,,,,,,,
NL_NB_0784,Q9837,,NL,Netherlands,NB,North Brabant,0784,Gilze en Rijen,NL,NLD,2,2020-05-21,0,0,,,73,15,,,,,,,,,51.5614,4.9333,10,,,,26156,,,,,,,,,,,,,,,,,,,,
NL_NB_0785,Q9838,,NL,Netherlands,NB,North Brabant,0785,Goirle,NL,NLD,2,2020-05-21,0,0,,,72,17,,,,,,,,,51.5203,5.0671,16,,,,23114,,,,,,,,,,,,,,,,,,,,
NL_NB_0786,Q9839,,NL,Netherlands,NB,North Brabant,0786,Grave,NL,NLD,2,2020-05-21,0,0,,,69,11,,,,,,,,,51.7592,5.7383,10,,,,12639,,,,,,,,,,,,,,,,,,,,
NL_NB_0788,Q9840,,NL,Netherlands,NB,North Brabant,0788,Haaren,NL,NLD,2,2020-05-21,-1,0,,,49,7,,,,,,,,,51.6017,5.2228,8,,,,13572,,,,,,,,,,,,,,,,,,,,
NL_NB_0794,Q9844,,NL,Netherlands,NB,North Brabant,0794,Helmond,NL,NLD,2,2020-05-21,0,0,,,346,40,,,,,,,,,51.47968,5.65559,18,55,,,90872,,,,,,,,,,,,,,,,,,,,
NL_NB_0796,Q2766547,,NL,Netherlands,NB,North Brabant,0796,'s-Hertogenbosch,NL,NLD,2,2020-05-21,-464,-77,,,0,0,,,,,,,,,51.7,5.316667,6,60,,,143782,,,,,,,,,,,,,,,,,,,,
NL_NB_0797,Q9845,,NL,Netherlands,NB,North Brabant,0797,Heusden,NL,NLD,2,2020-05-21,0,0,,,135,22,,,,,,,,,51.69975,5.16598,4,,,,43274,,,,,,,,,,,,,,,,,,,,
NL_NB_0798,Q9846,,NL,Netherlands,NB,North Brabant,0798,Hilvarenbeek,NL,NLD,2,2020-05-21,-1,0,,,43,6,,,,,,,,,51.4861,5.1367,18,96,,,15163,,,,,,,,,,,,,,,,,,,,
NL_NB_0809,Q9850,,NL,Netherlands,NB,North Brabant,0809,Loon op Zand,NL,NLD,2,2020-05-21,0,0,,,56,6,,,,,,,,,51.6275,5.0758,5,,,,22928,,,,,,,,,,,,,,,,,,,,
NL_NB_0815,Q9853,,NL,Netherlands,NB,North Brabant,0815,Mill en Sint Hubert,NL,NLD,2,2020-05-21,0,0,,,36,5,,,,,,,,,51.6808,5.7953,,,,,10791,,,,,,,,,,,,,,,,,,,,
NL_NB_0820,Q9855,,NL,Netherlands,NB,North Brabant,0820,Nuenen,NL,NLD,2,2020-05-21,0,0,,,54,9,,,,,,,,,51.4869,5.5258,16,,,,22751,,,,,,,,,,,,,,,,,,,,
NL_NB_0823,Q9856,,NL,Netherlands,NB,North Brabant,0823,Oirschot,NL,NLD,2,2020-05-21,0,0,,,59,9,,,,,,,,,51.5047,5.3128,17,103,,,18196,,,,,,,,,,,,,,,,,,,,
NL_NB_0824,Q9857,,NL,Netherlands,NB,North Brabant,0824,Oisterwijk,NL,NLD,2,2020-05-21,-1,0,,,64,11,,,,,,,,,51.5833,5.2,,,,,25857,,,,,,,,,,,,,,,,,,,,
NL_NB_0826,Q9858,,NL,Netherlands,NB,North Brabant,0826,Oosterhout,NL,NLD,2,2020-05-21,2,0,,,124,16,,,,,,,,,51.643056,4.856944,5,73,,,54012,,,,,,,,,,,,,,,,,,,,
NL_NB_0828,Q9859,,NL,Netherlands,NB,North Brabant,0828,Oss,NL,NLD,2,2020-05-21,2,0,,,462,87,,,,,,,,,51.766667,5.516667,7,160,,,90019,,,,,,,,,,,,,,,,,,,,
NL_NB_0840,Q9862,,NL,Netherlands,NB,North Brabant,0840,Rucphen,NL,NLD,2,2020-05-21,0,0,,,67,9,,,,,,,,,51.5319,4.5597,10,64,,,22270,,,,,,,,,,,,,,,,,,,,
NL_NB_0845,Q9866,,NL,Netherlands,NB,North Brabant,0845,Sint-Michielsgestel,NL,NLD,2,2020-05-21,0,0,,,104,17,,,,,,,,,51.6433,5.3586,6,60,,,28413,,,,,,,,,,,,,,,,,,,,
NL_NB_0847,Q9868,,NL,Netherlands,NB,North Brabant,0847,Someren,NL,NLD,2,2020-05-21,0,0,,,99,8,,,,,,,,,51.3847,5.7119,26,,,,18913,,,,,,,,,,,,,,,,,,,,
NL_NB_0848,Q9869,,NL,Netherlands,NB,North Brabant,0848,Son en Breugel,NL,NLD,2,2020-05-21,0,0,,,71,14,,,,,,,,,51.5158,5.5022,16,,,,16427,,,,,,,,,,,,,,,,,,,,
NL_NB_0851,Q9870,,NL,Netherlands,NB,North Brabant,0851,Steenbergen,NL,NLD,2,2020-05-21,2,0,,,84,13,,,,,,,,,51.583333,4.25,1,,,,23476,,,,,,,,,,,,,,,,,,,,
NL_NB_0855,Q26430,,NL,Netherlands,NB,North Brabant,0855,Tilburg,NL,NLD,2,2020-05-21,-1,0,,,726,158,,,,,,,,,51.57,5.07,14,119,,,36275,,,,,,,,,,,,,,,,,,,,
NL_NB_0856,Q9872,,NL,Netherlands,NB,North Brabant,0856,Uden,NL,NLD,2,2020-05-21,0,0,,,258,63,,,,,,,,,51.666667,5.616667,16,68,,,41248,,,,,,,,,,,,,,,,,,,,
NL_NB_0858,Q9873,,NL,Netherlands,NB,North Brabant,0858,Valkenswaard,NL,NLD,2,2020-05-21,0,0,,,175,37,,,,,,,,,51.35,5.4592,25,,,,30336,,,,,,,,,,,,,,,,,,,,
NL_NB_0861,Q9875,,NL,Netherlands,NB,North Brabant,0861,Veldhoven,NL,NLD,2,2020-05-21,1,0,,,125,16,,,,,,,,,51.4197,5.3992,22,,,,44322,,,,,,,,,,,,,,,,,,,,
NL_NB_0865,Q9876,,NL,Netherlands,NB,North Brabant,0865,Vught,NL,NLD,2,2020-05-21,0,0,,,101,18,,,,,,,,,51.65,5.3,5,34,,,25980,,,,,,,,,,,,,,,,,,,,
NL_NB_0866,Q9877,,NL,Netherlands,NB,North Brabant,0866,Waalre,NL,NLD,2,2020-05-21,0,0,,,29,5,,,,,,,,,51.3867,5.4456,19,23,,,17027,,,,,,,,,,,,,,,,,,,,
NL_NB_0867,Q745038,,NL,Netherlands,NB,North Brabant,0867,Waalwijk,NL,NLD,2,2020-05-21,0,0,,,148,31,,,,,,,,,51.683333,5.066667,,,,,47022,,,,,,,,,,,,,,,,,,,,
NL_NB_0873,Q9881,,NL,Netherlands,NB,North Brabant,0873,Woensdrecht,NL,NLD,2,2020-05-21,0,0,,,64,7,,,,,,,,,51.43,4.305,24,,,,21680,,,,,,,,,,,,,,,,,,,,
NL_NB_0879,Q9883,,NL,Netherlands,NB,North Brabant,0879,Zundert,NL,NLD,2,2020-05-21,2,0,,,76,10,,,,,,,,,51.4703,4.66,12,,,,21483,,,,,,,,,,,,,,,,,,,,
NL_NB_1652,Q9836,,NL,Netherlands,NB,North Brabant,1652,Gemert-Bakel,NL,NLD,2,2020-05-21,0,0,,,176,30,,,,,,,,,51.5311,5.7194,15,123,,,29653,,,,,,,,,,,,,,,,,,,,
NL_NB_1655,Q9841,,NL,Netherlands,NB,North Brabant,1655,Halderberge,NL,NLD,2,2020-05-21,0,0,,,55,6,,,,,,,,,51.5872,4.5167,3,,,,29532,,,,,,,,,,,,,,,,,,,,
NL_NB_1658,Q9843,,NL,Netherlands,NB,North Brabant,1658,Heeze-Leende,NL,NLD,2,2020-05-21,0,0,,,61,8,,,,,,,,,51.3672,5.5575,23,,,,15653,,,,,,,,,,,,,,,,,,,,
NL_NB_1659,Q9848,,NL,Netherlands,NB,North Brabant,1659,Laarbeek,NL,NLD,2,2020-05-21,0,0,,,117,26,,,,,,,,,51.5161,5.6208,14,,,,21961,,,,,,,,,,,,,,,,,,,,
NL_NB_1667,Q9860,,NL,Netherlands,NB,North Brabant,1667,Reusel-De Mierden,NL,NLD,2,2020-05-21,0,0,,,23,2,,,,,,,,,51.3617,5.1631,32,,,,12809,,,,,,,,,,,,,,,,,,,,
NL_NB_1674,Q6903267,,NL,Netherlands,NB,North Brabant,1674,Roosendaal,NL,NLD,2,2020-05-21,1,0,,,209,20,,,,,,,,,51.533333,4.45,3,107,,,76959,,,,,,,,,,,,,,,,,,,,
NL_NB_1684,Q9827,,NL,Netherlands,NB,North Brabant,1684,Cuijk,NL,NLD,2,2020-05-21,0,1,,,70,10,,,,,,,,,51.7269,5.8794,,,,,24603,,,,,,,,,,,,,,,,,,,,
NL_NB_1685,Q9849,,NL,Netherlands,NB,North Brabant,1685,Landerd,NL,NLD,2,2020-05-21,0,0,,,138,21,,,,,,,,,51.7186,5.655,20,,,,15314,,,,,,,,,,,,,,,,,,,,
NL_NB_1702,Q9865,,NL,Netherlands,NB,North Brabant,1702,Sint Anthonis,NL,NLD,2,2020-05-21,0,0,,,62,11,,,,,,,,,51.6258,5.8811,18,,,,11591,,,,,,,,,,,,,,,,,,,,
NL_NB_1706,Q9823,,NL,Netherlands,NB,North Brabant,1706,Cranendonck,NL,NLD,2,2020-05-21,0,0,,,166,36,,,,,,,,,51.2853,5.5881,28,,,,20662,,,,,,,,,,,,,,,,,,,,
NL_NB_1709,Q9854,,NL,Netherlands,NB,North Brabant,1709,Moerdijk,NL,NLD,2,2020-05-21,0,0,,,76,8,,,,,,,,,51.655,4.5325,1,,,,36758,,,,,,,,,,,,,,,,,,,,
NL_NB_1719,Q9830,,NL,Netherlands,NB,North Brabant,1719,Drimmelen,NL,NLD,2,2020-05-21,0,0,,,65,8,,,,,,,,,51.694444,4.797222,3,,,,26835,,,,,,,,,,,,,,,,,,,,
NL_NB_1721,Q9815,,NL,Netherlands,NB,North Brabant,1721,Bernheze,NL,NLD,2,2020-05-21,0,0,,,266,64,,,,,,,,,51.6931,5.5253,9,,,,29888,,,,,,,,,,,,,,,,,,,,
NL_NB_1723,Q9809,,NL,Netherlands,NB,North Brabant,1723,Alphen-Chaam,NL,NLD,2,2020-05-21,0,0,,,46,5,,,,,,,,,51.4992,4.8722,24,94,,,9918,,,,,,,,,,,,,,,,,,,,
NL_NB_1724,Q585672,,NL,Netherlands,NB,North Brabant,1724,Bergeijk,NL,NLD,2,2020-05-21,0,0,,,55,5,,,,,,,,,51.316667,5.366667,32,,,,18342,,,,,,,,,,,,,,,,,,,,
NL_NB_1728,Q9817,,NL,Netherlands,NB,North Brabant,1728,Bladel,NL,NLD,2,2020-05-21,0,0,,,66,8,,,,,,,,,51.366667,5.216667,32,,,,19971,,,,,,,,,,,,,,,,,,,,
NL_NB_1771,Q9835,,NL,Netherlands,NB,North Brabant,1771,Geldrop-Mierlo,NL,NLD,2,2020-05-21,0,0,,,106,16,,,,,,,,,51.4336,5.5881,19,,,,38886,,,,,,,,,,,,,,,,,,,,
NL_NB_1948,Q18655255,,NL,Netherlands,NB,North Brabant,1948,Meierijstad,NL,NLD,2,2020-05-21,1,0,,,540,130,,,,,,,,,51.616944,5.548056,,186,,,80500,,,,,,,,,,,,,,,,,,,,
NL_NB_1959,Q28057171,,NL,Netherlands,NB,North Brabant,1959,Altena,NL,NLD,2,2020-05-21,0,0,,,123,11,,,,,,,,,51.766667,4.966667,,212,,,55386,,,,,,,,,,,,,,,,,,,,
NL_NH,Q701,nuts/NL32,NL,Netherlands,NH,North Holland,,,NL,NLD,1,2020-05-21,32,4,,,6509,774,,,,,,,,,52.666667,4.833333,,4092,,,2813466,,,,,,,,,,,,,,,,,,,,
NL_NH_0358,Q9897,,NL,Netherlands,NH,North Holland,0358,Aalsmeer,NL,NLD,2,2020-05-21,0,0,,,38,3,,,,,,,,,52.263889,4.7625,0,34,,,31307,,,,,,,,,,,,,,,,,,,,
NL_NH_0361,Q972,,NL,Netherlands,NH,North Holland,0361,Alkmaar,NL,NLD,2,2020-05-21,0,0,,,241,29,,,,,,,,,52.6289,4.74403,1,31,,,107822,,,,,,,,,,,,,,,,,,,,
NL_NH_0362,Q9898,,NL,Netherlands,NH,North Holland,0362,Amstelveen,NL,NLD,2,2020-05-21,2,0,,,306,35,,,,,,,,,52.3,4.833333,,44,,,88659,,,,,,,,,,,,,,,,,,,,
NL_NH_0363,Q727,,NL,Netherlands,NH,North Holland,0363,Amsterdam,NL,NLD,2,2020-05-21,13,3,,,2288,258,,,,,,,,,52.383333,4.9,-2,219,,,825080,,,,,,,,,,,,,,,,,,,,
NL_NH_0370,Q9900,,NL,Netherlands,NH,North Holland,0370,Beemster,NL,NLD,2,2020-05-21,0,0,,,9,1,,,,,,,,,52.55,4.9278,-4,72,,,8903,,,,,,,,,,,,,,,,,,,,
NL_NH_0373,Q9901,,NL,Netherlands,NH,North Holland,0373,Bergen,NL,NLD,2,2020-05-21,6,0,,,80,3,,,,,,,,,52.6703,4.7054,1,120,,,29947,,,,,,,,,,,,,,,,,,,,
NL_NH_0375,Q9905,,NL,Netherlands,NH,North Holland,0375,Beverwijk,NL,NLD,2,2020-05-21,0,0,,,74,10,,,,,,,,,52.486389,4.657222,2,20,,,40309,,,,,,,,,,,,,,,,,,,,
NL_NH_0376,Q9906,,NL,Netherlands,NH,North Holland,0376,Blaricum,NL,NLD,2,2020-05-21,0,0,,,26,2,,,,,,,,,52.2728,5.2422,4,,,,9616,,,,,,,,,,,,,,,,,,,,
NL_NH_0377,Q9908,,NL,Netherlands,NH,North Holland,0377,Bloemendaal,NL,NLD,2,2020-05-21,0,0,,,49,5,,,,,,,,,52.4028,4.6281,12,,,,22292,,,,,,,,,,,,,,,,,,,,
NL_NH_0383,Q9910,,NL,Netherlands,NH,North Holland,0383,Castricum,NL,NLD,2,2020-05-21,0,0,,,76,9,,,,,,,,,52.5517,4.6583,0,,,,34599,,,,,,,,,,,,,,,,,,,,
NL_NH_0384,Q9913,,NL,Netherlands,NH,North Holland,0384,Diemen,NL,NLD,2,2020-05-21,0,0,,,98,14,,,,,,,,,52.3439,4.9625,,,,,26891,,,,,,,,,,,,,,,,,,,,
NL_NH_0385,Q9917,,NL,Netherlands,NH,North Holland,0385,Edam-Volendam,NL,NLD,2,2020-05-21,0,0,,,102,3,,,,,,,,,52.5019,5.0614,,,,,35460,,,,,,,,,,,,,,,,,,,,
NL_NH_0388,Q9918,,NL,Netherlands,NH,North Holland,0388,Enkhuizen,NL,NLD,2,2020-05-21,0,0,,,29,4,,,,,,,,,52.7,5.283333,3,,,,18468,,,,,,,,,,,,,,,,,,,,
NL_NH_0392,Q9920,nuts/NL324,NL,Netherlands,NH,North Holland,0392,Haarlem,NL,NLD,2,2020-05-21,1,0,,,274,52,,,,,,,,,52.380278,4.640556,2,32,,,157232,,,,,,,,,,,,,,,,,,,,
NL_NH_0394,Q9924,,NL,Netherlands,NH,North Holland,0394,Haarlemmermeer,NL,NLD,2,2020-05-21,2,1,,,267,27,,,,,,,,,52.3008,4.6653,,185,,,144538,,,,,,,,,,,,,,,,,,,,
NL_NH_0396,Q9926,,NL,Netherlands,NH,North Holland,0396,Heemskerk,NL,NLD,2,2020-05-21,1,0,,,82,10,,,,,,,,,52.516667,4.666667,2,,,,39303,,,,,,,,,,,,,,,,,,,,
NL_NH_0397,Q9928,,NL,Netherlands,NH,North Holland,0397,Heemstede,NL,NLD,2,2020-05-21,0,0,,,88,32,,,,,,,,,52.3528,4.62,1,10,,,26786,,,,,,,,,,,,,,,,,,,,
NL_NH_0398,Q9930,,NL,Netherlands,NH,North Holland,0398,Heerhugowaard,NL,NLD,2,2020-05-21,1,0,,,142,8,,,,,,,,,52.668,4.841,,40,,,53946,,,,,,,,,,,,,,,,,,,,
NL_NH_0399,Q9932,,NL,Netherlands,NH,North Holland,0399,Heiloo,NL,NLD,2,2020-05-21,0,0,,,48,8,,,,,,,,,52.6011,4.7019,3,,,,22678,,,,,,,,,,,,,,,,,,,,
NL_NH_0400,Q9911,,NL,Netherlands,NH,North Holland,0400,Den Helder,NL,NLD,2,2020-05-21,0,0,,,37,2,,,,,,,,,52.958333,4.758889,1,178,,,56305,,,,,,,,,,,,,,,,,,,,
NL_NH_0402,Q9934,,NL,Netherlands,NH,North Holland,0402,Hilversum,NL,NLD,2,2020-05-21,0,0,,,191,25,,,,,,,,,52.23,5.18,15,46,,,87817,,,,,,,,,,,,,,,,,,,,
NL_NH_0405,Q9938,,NL,Netherlands,NH,North Holland,0405,Hoorn,NL,NLD,2,2020-05-21,0,0,,,87,12,,,,,,,,,52.653333,5.073333,-1,53,,,72200,,,,,,,,,,,,,,,,,,,,
NL_NH_0406,Q9939,,NL,Netherlands,NH,North Holland,0406,Huizen,NL,NLD,2,2020-05-21,0,0,,,124,10,,,,,,,,,52.2994,5.2531,3,23,,,41389,,,,,,,,,,,,,,,,,,,,
NL_NH_0415,Q9942,,NL,Netherlands,NH,North Holland,0415,Landsmeer,NL,NLD,2,2020-05-21,0,0,,,23,3,,,,,,,,,52.4293,4.9136,,26,,,10980,,,,,,,,,,,,,,,,,,,,
NL_NH_0416,Q9944,,NL,Netherlands,NH,North Holland,0416,Langedijk,NL,NLD,2,2020-05-21,0,0,,,45,3,,,,,,,,,52.6936,4.7944,,27,,,27449,,,,,,,,,,,,,,,,,,,,
NL_NH_0417,Q9945,,NL,Netherlands,NH,North Holland,0417,Laren,NL,NLD,2,2020-05-21,1,0,,,26,2,,,,,,,,,52.254444,5.231667,5,12,,,10962,,,,,,,,,,,,,,,,,,,,
NL_NH_0420,Q9947,,NL,Netherlands,NH,North Holland,0420,Medemblik,NL,NLD,2,2020-05-21,0,0,,,69,6,,,,,,,,,52.7439,5.0614,0,271,,,43711,,,,,,,,,,,,,,,,,,,,
NL_NH_0431,Q9951,,NL,Netherlands,NH,North Holland,0431,Oostzaan,NL,NLD,2,2020-05-21,0,0,,,26,2,,,,,,,,,52.4406,4.8789,0,,,,9508,,,,,,,,,,,,,,,,,,,,
NL_NH_0432,Q9952,,NL,Netherlands,NH,North Holland,0432,Opmeer,NL,NLD,2,2020-05-21,0,0,,,8,1,,,,,,,,,52.7033,4.9444,0,,,,11338,,,,,,,,,,,,,,,,,,,,
NL_NH_0437,Q9953,,NL,Netherlands,NH,North Holland,0437,Ouder-Amstel,NL,NLD,2,2020-05-21,0,0,,,33,0,,,,,,,,,52.2906,4.9117,,,,,13409,,,,,,,,,,,,,,,,,,,,
NL_NH_0439,Q9954,,NL,Netherlands,NH,North Holland,0439,Purmerend,NL,NLD,2,2020-05-21,0,0,,,212,32,,,,,,,,,52.505,4.963889,0,25,,,79936,,,,,,,,,,,,,,,,,,,,
NL_NH_0441,Q9955,,NL,Netherlands,NH,North Holland,0441,Schagen,NL,NLD,2,2020-05-21,1,0,,,74,10,,,,,,,,,52.78,4.8,0,,,,46163,,,,,,,,,,,,,,,,,,,,
NL_NH_0448,Q9966,,NL,Netherlands,NH,North Holland,0448,Texel,NL,NLD,2,2020-05-21,0,0,,,11,2,,,,,,,,,53.066667,4.8,2,463,,,13591,,,,,,,,,,,,,,,,,,,,
NL_NH_0450,Q9967,,NL,Netherlands,NH,North Holland,0450,Uitgeest,NL,NLD,2,2020-05-21,0,0,,,22,1,,,,,,,,,52.5292,4.7103,1,,,,13359,,,,,,,,,,,,,,,,,,,,
NL_NH_0451,Q9969,,NL,Netherlands,NH,North Holland,0451,Uithoorn,NL,NLD,2,2020-05-21,0,0,,,50,2,,,,,,,,,52.2422,4.825,,,,,29168,,,,,,,,,,,,,,,,,,,,
NL_NH_0453,Q9970,,NL,Netherlands,NH,North Holland,0453,Velsen,NL,NLD,2,2020-05-21,1,0,,,259,39,,,,,,,,,52.466667,4.616667,6,63,,,67470,,,,,,,,,,,,,,,,,,,,
NL_NH_0457,Q9974,,NL,Netherlands,NH,North Holland,0457,Weesp,NL,NLD,2,2020-05-21,1,0,,,76,11,,,,,,,,,52.3069,5.0417,1,,,,18571,,,,,,,,,,,,,,,,,,,,
NL_NH_0473,Q9980,,NL,Netherlands,NH,North Holland,0473,Zandvoort,NL,NLD,2,2020-05-21,0,0,,,32,8,,,,,,,,,52.366667,4.533333,3,44,,,16796,,,,,,,,,,,,,,,,,,,,
NL_NH_0479,Q9978,,NL,Netherlands,NH,North Holland,0479,Zaanstad,NL,NLD,2,2020-05-21,0,0,,,389,46,,,,,,,,,52.4697,4.7767,1,83,,,152377,,,,,,,,,,,,,,,,,,,,
NL_NH_0498,Q9915,,NL,Netherlands,NH,North Holland,0498,Drechterland,NL,NLD,2,2020-05-21,0,0,,,43,8,,,,,,,,,52.666667,5.166667,,,,,19404,,,,,,,,,,,,,,,,,,,,
NL_NH_0532,Q9962,,NL,Netherlands,NH,North Holland,0532,Stede Broec,NL,NLD,2,2020-05-21,0,0,,,48,5,,,,,,,,,52.7006,5.2253,,,,,21487,,,,,,,,,,,,,,,,,,,,
NL_NH_0852,Q9971,,NL,Netherlands,NH,North Holland,0852,Waterland,NL,NLD,2,2020-05-21,0,0,,,30,4,,,,,,,,,52.4511,5.02,,116,,,17302,,,,,,,,,,,,,,,,,,,,
NL_NH_0880,Q9976,,NL,Netherlands,NH,North Holland,0880,Wormerland,NL,NLD,2,2020-05-21,0,0,,,44,6,,,,,,,,,52.5086,4.8714,,45,,,15754,,,,,,,,,,,,,,,,,,,,
NL_NH_1598,Q9940,,NL,Netherlands,NH,North Holland,1598,Koggenland,NL,NLD,2,2020-05-21,0,0,,,34,6,,,,,,,,,52.633333,4.95,,84,,,22474,,,,,,,,,,,,,,,,,,,,
NL_NH_1696,Q9975,,NL,Netherlands,NH,North Holland,1696,Wijdemeren,NL,NLD,2,2020-05-21,1,0,,,31,0,,,,,,,,,52.23,5.12,1,,,,23267,,,,,,,,,,,,,,,,,,,,
NL_NH_1911,Q9936,,NL,Netherlands,NH,North Holland,1911,Hollands Kroon,NL,NLD,2,2020-05-21,0,0,,,62,6,,,,,,,,,52.8783,4.8114,,662,,,47523,,,,,,,,,,,,,,,,,,,,
NL_NH_1942,Q18335889,,NL,Netherlands,NH,North Holland,1942,Gooise Meren,NL,NLD,2,2020-05-21,1,0,,,106,9,,,,,,,,,52.283333,5.166667,,74,,,56687,,,,,,,,,,,,,,,,,,,,
NL_OV,Q773,nuts/NL21,NL,Netherlands,OV,Overijssel,,,NL,NLD,1,2020-05-21,8,1,,,2927,299,,,,,,,,,52.5,6.5,,3327,,,1139697,,,,,,,,,,,,,,,,,,,,
NL_OV_0141,Q988,,NL,Netherlands,OV,Overijssel,0141,Almelo,NL,NLD,2,2020-05-21,0,0,,,90,9,,,,,,,,,52.366667,6.666667,12,,,,72459,,,,,,,,,,,,,,,,,,,,
NL_OV_0147,Q9997,,NL,Netherlands,OV,Overijssel,0147,Borne,NL,NLD,2,2020-05-21,0,0,,,50,6,,,,,,,,,52.3,6.75,15,26,,,22345,,,,,,,,,,,,,,,,,,,,
NL_OV_0148,Q9998,,NL,Netherlands,OV,Overijssel,0148,Dalfsen,NL,NLD,2,2020-05-21,0,0,,,77,6,,,,,,,,,52.503056,6.259167,3,167,,,27921,,,,,,,,,,,,,,,,,,,,
NL_OV_0150,Q10001,,NL,Netherlands,OV,Overijssel,0150,Deventer,NL,NLD,2,2020-05-21,0,0,,,252,32,,,,,,,,,52.25,6.15,9,134,,,98881,,,,,,,,,,,,,,,,,,,,
NL_OV_0153,Q10002,,NL,Netherlands,OV,Overijssel,0153,Enschede,NL,NLD,2,2020-05-21,1,1,,,216,23,,,,,,,,,52.223611,6.895556,42,143,,,158629,,,,,,,,,,,,,,,,,,,,
NL_OV_0158,Q10003,,NL,Netherlands,OV,Overijssel,0158,Haaksbergen,NL,NLD,2,2020-05-21,0,0,,,54,7,,,,,,,,,52.1547,6.7419,27,,,,24329,,,,,,,,,,,,,,,,,,,,
NL_OV_0160,Q10013,,NL,Netherlands,OV,Overijssel,0160,Hardenberg,NL,NLD,2,2020-05-21,0,0,,,170,8,,,,,,,,,52.5667,6.6,9,317,,,59689,,,,,,,,,,,,,,,,,,,,
NL_OV_0163,Q10005,,NL,Netherlands,OV,Overijssel,0163,Hellendoorn,NL,NLD,2,2020-05-21,0,0,,,94,10,,,,,,,,,52.3885,6.4497,10,,,,35650,,,,,,,,,,,,,,,,,,,,
NL_OV_0164,Q10006,,NL,Netherlands,OV,Overijssel,0164,Hengelo,NL,NLD,2,2020-05-21,1,0,,,122,19,,,,,,,,,52.265556,6.793056,18,,,,81074,,,,,,,,,,,,,,,,,,,,
NL_OV_0166,Q10014,,NL,Netherlands,OV,Overijssel,0166,Kampen,NL,NLD,2,2020-05-21,2,0,,,332,26,,,,,,,,,52.555,5.919722,1,162,,,52398,,,,,,,,,,,,,,,,,,,,
NL_OV_0168,Q10015,,NL,Netherlands,OV,Overijssel,0168,Losser,NL,NLD,2,2020-05-21,0,0,,,23,0,,,,,,,,,52.2617,7.0044,35,,,,22450,,,,,,,,,,,,,,,,,,,,
NL_OV_0173,Q10016,,NL,Netherlands,OV,Overijssel,0173,Oldenzaal,NL,NLD,2,2020-05-21,0,0,,,50,7,,,,,,,,,52.3125,6.929167,48,,,,32106,,,,,,,,,,,,,,,,,,,,
NL_OV_0175,Q10018,,NL,Netherlands,OV,Overijssel,0175,Ommen,NL,NLD,2,2020-05-21,0,0,,,50,2,,,,,,,,,52.516667,6.416667,6,182,,,17681,,,,,,,,,,,,,,,,,,,,
NL_OV_0177,Q10019,,NL,Netherlands,OV,Overijssel,0177,Raalte,NL,NLD,2,2020-05-21,1,0,,,150,18,,,,,,,,,52.4,6.283333,5,,,,36697,,,,,,,,,,,,,,,,,,,,
NL_OV_0180,Q10021,,NL,Netherlands,OV,Overijssel,0180,Staphorst,NL,NLD,2,2020-05-21,0,0,,,59,4,,,,,,,,,52.633333,6.2,1,,,,16548,,,,,,,,,,,,,,,,,,,,
NL_OV_0183,Q10023,,NL,Netherlands,OV,Overijssel,0183,Tubbergen,NL,NLD,2,2020-05-21,0,0,,,79,5,,,,,,,,,52.4,6.7667,22,,,,21115,,,,,,,,,,,,,,,,,,,,
NL_OV_0189,Q10025,,NL,Netherlands,OV,Overijssel,0189,Wierden,NL,NLD,2,2020-05-21,0,0,,,49,6,,,,,,,,,52.35,6.5833,11,,,,23954,,,,,,,,,,,,,,,,,,,,
NL_OV_0193,Q793,,NL,Netherlands,OV,Overijssel,0193,Zwolle,NL,NLD,2,2020-05-21,0,0,,,347,46,,,,,,,,,52.516667,6.1,4,119,,,124914,,,,,,,,,,,,,,,,,,,,
NL_OV_1700,Q10024,,NL,Netherlands,OV,Overijssel,1700,Twenterand,NL,NLD,2,2020-05-21,1,0,,,60,2,,,,,,,,,52.4,6.6167,10,,,,33848,,,,,,,,,,,,,,,,,,,,
NL_OV_1708,Q10022,,NL,Netherlands,OV,Overijssel,1708,Steenwijkerland,NL,NLD,2,2020-05-21,0,0,,,87,5,,,,,,,,,52.7833,6.1167,5,322,,,43329,,,,,,,,,,,,,,,,,,,,
NL_OV_1735,Q9996,,NL,Netherlands,OV,Overijssel,1735,Hof van Twente,NL,NLD,2,2020-05-21,1,0,,,63,4,,,,,,,,,52.233333,6.583333,12,,,,34888,,,,,,,,,,,,,,,,,,,,
NL_OV_1742,Q10020,,NL,Netherlands,OV,Overijssel,1742,Rijssen-Holten,NL,NLD,2,2020-05-21,1,0,,,192,19,,,,,,,,,52.3,6.5167,14,,,,38064,,,,,,,,,,,,,,,,,,,,
NL_OV_1773,Q10017,,NL,Netherlands,OV,Overijssel,1773,Olst-Wijhe,NL,NLD,2,2020-05-21,0,0,,,50,8,,,,,,,,,52.3333,6.1,4,,,,17884,,,,,,,,,,,,,,,,,,,,
NL_OV_1774,Q9999,,NL,Netherlands,OV,Overijssel,1774,Dinkelland,NL,NLD,2,2020-05-21,0,0,,,71,9,,,,,,,,,52.3667,7,26,,,,26112,,,,,,,,,,,,,,,,,,,,
NL_OV_1896,Q10026,,NL,Netherlands,OV,Overijssel,1896,Zwartewaterland,NL,NLD,2,2020-05-21,0,0,,,140,18,,,,,,,,,52.5833,6.0833,1,88,,,22283,,,,,,,,,,,,,,,,,,,,
NL_UT,Q776,nuts/NL31,NL,Netherlands,UT,Utrecht,,,NL,NLD,1,2020-05-21,25,1,,,3397,396,,,,,,,,,52.103333,5.179167,,1386,,,1253672,,,,,,,,,,,,,,,,,,,,
NL_UT_0307,Q992,,NL,Netherlands,UT,Utrecht,0307,Amersfoort,NL,NLD,2,2020-05-21,0,0,,,205,23,,,,,,,,,52.15,5.38,3,64,,,153615,,,,,,,,,,,,,,,,,,,,
NL_UT_0308,Q10027,,NL,Netherlands,UT,Utrecht,0308,Baarn,NL,NLD,2,2020-05-21,0,0,,,56,8,,,,,,,,,52.2125,5.2861,6,33,,,24528,,,,,,,,,,,,,,,,,,,,
NL_UT_0310,Q10035,,NL,Netherlands,UT,Utrecht,0310,De Bilt,NL,NLD,2,2020-05-21,4,1,,,163,20,,,,,,,,,52.1119,5.1825,4,67,,,42378,,,,,,,,,,,,,,,,,,,,
NL_UT_0312,Q10032,,NL,Netherlands,UT,Utrecht,0312,Bunnik,NL,NLD,2,2020-05-21,0,0,,,42,1,,,,,,,,,52.0672,5.1969,3,38,,,15188,,,,,,,,,,,,,,,,,,,,
NL_UT_0313,Q10034,,NL,Netherlands,UT,Utrecht,0313,Bunschoten,NL,NLD,2,2020-05-21,1,0,,,62,7,,,,,,,,,52.2481,5.3736,0,35,,,20827,,,,,,,,,,,,,,,,,,,,
NL_UT_0317,Q10037,,NL,Netherlands,UT,Utrecht,0317,Eemnes,NL,NLD,2,2020-05-21,0,0,,,17,1,,,,,,,,,52.2539,5.2572,,34,,,8877,,,,,,,,,,,,,,,,,,,,
NL_UT_0321,Q10044,,NL,Netherlands,UT,Utrecht,0321,Houten,NL,NLD,2,2020-05-21,0,0,,,125,13,,,,,,,,,52.0261,5.1728,2,59,,,48772,,,,,,,,,,,,,,,,,,,,
NL_UT_0327,Q10046,,NL,Netherlands,UT,Utrecht,0327,Leusden,NL,NLD,2,2020-05-21,0,0,,,48,4,,,,,,,,,52.1331,5.4297,3,59,,,29313,,,,,,,,,,,,,,,,,,,,
NL_UT_0331,Q10047,,NL,Netherlands,UT,Utrecht,0331,Lopik,NL,NLD,2,2020-05-21,0,0,,,63,8,,,,,,,,,51.9722,4.9464,0,79,,,14163,,,,,,,,,,,,,,,,,,,,
NL_UT_0335,Q10048,,NL,Netherlands,UT,Utrecht,0335,Montfoort,NL,NLD,2,2020-05-21,0,0,,,39,5,,,,,,,,,52.045,4.9508,2,38,,,13796,,,,,,,,,,,,,,,,,,,,
NL_UT_0339,Q10039,,NL,Netherlands,UT,Utrecht,0339,Renswoude,NL,NLD,2,2020-05-21,0,0,,,19,5,,,,,,,,,52.0739,5.5406,8,19,,,5051,,,,,,,,,,,,,,,,,,,,
NL_UT_0340,Q10040,,NL,Netherlands,UT,Utrecht,0340,Rhenen,NL,NLD,2,2020-05-21,1,0,,,40,6,,,,,,,,,51.9597,5.5689,43,44,,,19402,,,,,,,,,,,,,,,,,,,,
NL_UT_0342,Q10041,,NL,Netherlands,UT,Utrecht,0342,Soest,NL,NLD,2,2020-05-21,2,0,,,83,11,,,,,,,,,52.183333,5.283333,13,46,,,45499,,,,,,,,,,,,,,,,,,,,
NL_UT_0344,Q803,nuts/NL310,NL,Netherlands,UT,Utrecht,0344,Utrecht,NL,NLD,2,2020-05-21,10,0,,,991,104,,,,,,,,,52.088889,5.115556,5,99,,,343779,,,,,,,,,,,,,,,,,,,,
NL_UT_0345,Q1840,,NL,Netherlands,UT,Utrecht,0345,Veenendaal,NL,NLD,2,2020-05-21,0,0,,,166,10,,,,,,,,,52.016667,5.55,6,20,,,63812,,,,,,,,,,,,,,,,,,,,
NL_UT_0351,Q10055,,NL,Netherlands,UT,Utrecht,0351,Woudenberg,NL,NLD,2,2020-05-21,0,0,,,31,2,,,,,,,,,52.0806,5.4164,3,37,,,12551,,,,,,,,,,,,,,,,,,,,
NL_UT_0352,Q10053,,NL,Netherlands,UT,Utrecht,0352,Wijk bij Duurstede,NL,NLD,2,2020-05-21,0,0,,,32,1,,,,,,,,,51.9761,5.3369,5,50,,,23374,,,,,,,,,,,,,,,,,,,,
NL_UT_0353,Q10045,,NL,Netherlands,UT,Utrecht,0353,IJsselstein,NL,NLD,2,2020-05-21,0,0,,,134,33,,,,,,,,,52.02,5.0422,1,22,,,34102,,,,,,,,,,,,,,,,,,,,
NL_UT_0355,Q10056,,NL,Netherlands,UT,Utrecht,0355,Zeist,NL,NLD,2,2020-05-21,0,0,,,168,21,,,,,,,,,52.083333,5.233333,4,49,,,62319,,,,,,,,,,,,,,,,,,,,
NL_UT_0356,Q10050,,NL,Netherlands,UT,Utrecht,0356,Nieuwegein,NL,NLD,2,2020-05-21,1,0,,,134,14,,,,,,,,,52.0314,5.0919,1,26,,,61733,,,,,,,,,,,,,,,,,,,,
NL_UT_0589,Q10051,,NL,Netherlands,UT,Utrecht,0589,Oudewater,NL,NLD,2,2020-05-21,0,0,,,54,8,,,,,,,,,52.0267,4.8686,2,40,,,10055,,,,,,,,,,,,,,,,,,,,
NL_UT_0632,Q5128,,NL,Netherlands,UT,Utrecht,0632,Woerden,NL,NLD,2,2020-05-21,1,0,,,166,19,,,,,,,,,52.085833,4.883333,0,93,,,50631,,,,,,,,,,,,,,,,,,,,
NL_UT_0736,Q10036,,NL,Netherlands,UT,Utrecht,0736,De Ronde Venen,NL,NLD,2,2020-05-21,1,0,,,92,11,,,,,,,,,52.2117,4.8914,-2,117,,,44064,,,,,,,,,,,,,,,,,,,,
NL_UT_1581,Q10043,,NL,Netherlands,UT,Utrecht,1581,Utrechtse Heuvelrug,NL,NLD,2,2020-05-21,1,0,,,107,14,,,,,,,,,52.0422,5.4506,7,134,,,48522,,,,,,,,,,,,,,,,,,,,
NL_UT_1904,Q10042,,NL,Netherlands,UT,Utrecht,1904,Stichtse Vecht,NL,NLD,2,2020-05-21,2,0,,,110,10,,,,,,,,,52.161086,5.010794,1,107,,,64064,,,,,,,,,,,,,,,,,,,,
NL_UT_1961,Q29032345,,NL,Netherlands,UT,Utrecht,1961,Vijfheerenlanden,NL,NLD,2,2020-05-21,1,0,,,250,37,,,,,,,,,51.9303,5.0533,,,,,55712,,,,,,,,,,,,,,,,,,,,
NL_ZE,Q705,nuts/NL34,NL,Netherlands,ZE,Zeeland,,,NL,NLD,1,2020-05-21,8,0,,,651,63,,,,,,,,,51.566667,3.75,,2934,,,380621,,,,,,,,,,,,,,,,,,,,
NL_ZE_0654,Q10071,,NL,Netherlands,ZE,Zeeland,0654,Borsele,NL,NLD,2,2020-05-21,1,0,,,26,0,,,,,,,,,51.466667,3.8,,195,,,22613,,,,,,,,,,,,,,,,,,,,
NL_ZE_0664,Q81220,,NL,Netherlands,ZE,Zeeland,0664,Goes,NL,NLD,2,2020-05-21,0,0,,,69,11,,,,,,,,,51.5,3.883333,-1,102,,,36989,,,,,,,,,,,,,,,,,,,,
NL_ZE_0677,Q10073,,NL,Netherlands,ZE,Zeeland,0677,Hulst,NL,NLD,2,2020-05-21,0,0,,,29,5,,,,,,,,,51.3158,4.0539,3,,,,27373,,,,,,,,,,,,,,,,,,,,
NL_ZE_0678,Q1024703,,NL,Netherlands,ZE,Zeeland,0678,Kapelle,NL,NLD,2,2020-05-21,1,0,,,23,1,,,,,,,,,51.483333,3.966667,1,,,,7019,,,,,,,,,,,,,,,,,,,,
NL_ZE_0687,Q52101,,NL,Netherlands,ZE,Zeeland,0687,Middelburg,NL,NLD,2,2020-05-21,1,0,,,59,10,,,,,,,,,51.499722,3.613611,3,53,,,47939,,,,,,,,,,,,,,,,,,,,
NL_ZE_0703,Q10078,,NL,Netherlands,ZE,Zeeland,0703,Reimerswaal,NL,NLD,2,2020-05-21,0,0,,,29,2,,,,,,,,,51.4333,4.1167,1,,,,22260,,,,,,,,,,,,,,,,,,,,
NL_ZE_0715,Q10081,,NL,Netherlands,ZE,Zeeland,0715,Terneuzen,NL,NLD,2,2020-05-21,2,0,,,110,4,,,,,,,,,51.293056,3.833889,4,318,,,54658,,,,,,,,,,,,,,,,,,,,
NL_ZE_0716,Q10082,,NL,Netherlands,ZE,Zeeland,0716,Tholen,NL,NLD,2,2020-05-21,0,0,,,143,15,,,,,,,,,51.5847,4.1211,-1,,,,25418,,,,,,,,,,,,,,,,,,,,
NL_ZE_0717,Q10083,,NL,Netherlands,ZE,Zeeland,0717,Veere,NL,NLD,2,2020-05-21,0,0,,,26,2,,,,,,,,,51.5469,3.5403,0,,,,21865,,,,,,,,,,,,,,,,,,,,
NL_ZE_0718,Q10084,,NL,Netherlands,ZE,Zeeland,0718,Vlissingen,NL,NLD,2,2020-05-21,0,0,,,50,5,,,,,,,,,51.45,3.583333,1,345,,,44391,,,,,,,,,,,,,,,,,,,,
NL_ZE_1676,Q10079,,NL,Netherlands,ZE,Zeeland,1676,Schouwen-Duiveland,NL,NLD,2,2020-05-21,2,0,,,61,4,,,,,,,,,51.6653,3.8842,0,,,,33844,,,,,,,,,,,,,,,,,,,,
NL_ZE_1695,Q10077,,NL,Netherlands,ZE,Zeeland,1695,Noord-Beveland,NL,NLD,2,2020-05-21,1,0,,,9,0,,,,,,,,,51.575556,3.761667,1,,,,7525,,,,,,,,,,,,,,,,,,,,
NL_ZE_1714,Q10080,,NL,Netherlands,ZE,Zeeland,1714,Sluis,NL,NLD,2,2020-05-21,0,0,,,17,4,,,,,,,,,51.35,3.5,2,307,,,23815,,,,,,,,,,,,,,,,,,,,
NL_ZH,Q694,nuts/NL33,NL,Netherlands,ZH,South Holland,,,NL,NLD,1,2020-05-21,87,15,,,9554,1171,,,,,,,,,52,4.666667,,3418,,,3577032,,,,,,,,,,,,,,,,,,,,
NL_ZH_0482,Q736131,,NL,Netherlands,ZH,South Holland,0482,Alblasserdam,NL,NLD,2,2020-05-21,0,0,,,42,3,,,,,,,,,51.866667,4.666667,4,10,,,19950,,,,,,,,,,,,,,,,,,,,
NL_ZH_0484,Q213246,,NL,Netherlands,ZH,South Holland,0484,Alphen aan den Rijn,NL,NLD,2,2020-05-21,1,0,,,195,24,,,,,,,,,52.133333,4.65,2,58,,,107963,,,,,,,,,,,,,,,,,,,,
NL_ZH_0489,Q204239,,NL,Netherlands,ZH,South Holland,0489,Barendrecht,NL,NLD,2,2020-05-21,1,0,,,123,12,,,,,,,,,51.85,4.533333,,,,,47844,,,,,,,,,,,,,,,,,,,,
NL_ZH_0501,Q462663,,NL,Netherlands,ZH,South Holland,0501,Brielle,NL,NLD,2,2020-05-21,0,0,,,32,0,,,,,,,,,51.904167,4.163889,2,31,,,16641,,,,,,,,,,,,,,,,,,,,
NL_ZH_0502,Q734860,,NL,Netherlands,ZH,South Holland,0502,Capelle aan den IJssel,NL,NLD,2,2020-05-21,2,0,,,278,51,,,,,,,,,51.93567,4.57819,,15,,,66514,,,,,,,,,,,,,,,,,,,,
NL_ZH_0503,Q690,,NL,Netherlands,ZH,South Holland,0503,Delft,NL,NLD,2,2020-05-21,1,0,,,138,12,,,,,,,,,52.011944,4.359444,0,24,,,100011,,,,,,,,,,,,,,,,,,,,
NL_ZH_0505,Q26421,,NL,Netherlands,ZH,South Holland,0505,Dordrecht,NL,NLD,2,2020-05-21,14,2,,,421,34,,,,,,,,,51.81,4.67,1,99,,,118730,,,,,,,,,,,,,,,,,,,,
NL_ZH_0512,Q244327,,NL,Netherlands,ZH,South Holland,0512,Gorinchem,NL,NLD,2,2020-05-21,1,0,,,148,15,,,,,,,,,51.83873,4.97713,2,22,,,35255,,,,,,,,,,,,,,,,,,,,
NL_ZH_0513,Q84125,,NL,Netherlands,ZH,South Holland,0513,Gouda,NL,NLD,2,2020-05-21,0,0,,,238,40,,,,,,,,,52.016667,4.716667,0,18,,,70942,,,,,,,,,,,,,,,,,,,,
NL_ZH_0518,Q36600,,NL,Netherlands,ZH,South Holland,0518,The Hague,NL,NLD,2,2020-05-21,14,2,,,1357,210,,,,,,,,,52.084167,4.3175,1,98,,,515880,,,,,,,,,,,,,,,,,,,,
NL_ZH_0523,Q953012,,NL,Netherlands,ZH,South Holland,0523,Hardinxveld-Giessendam,NL,NLD,2,2020-05-21,0,0,,,33,2,,,,,,,,,51.816667,4.833333,3,,,,17778,,,,,,,,,,,,,,,,,,,,
NL_ZH_0530,Q826130,,NL,Netherlands,ZH,South Holland,0530,Hellevoetsluis,NL,NLD,2,2020-05-21,0,0,,,64,2,,,,,,,,,51.833333,4.133333,2,,,,38610,,,,,,,,,,,,,,,,,,,,
NL_ZH_0531,Q538725,,NL,Netherlands,ZH,South Holland,0531,Hendrik-Ido-Ambacht,NL,NLD,2,2020-05-21,1,0,,,51,5,,,,,,,,,51.85,4.63,,,,,29413,,,,,,,,,,,,,,,,,,,,
NL_ZH_0534,Q932116,,NL,Netherlands,ZH,South Holland,0534,Hillegom,NL,NLD,2,2020-05-21,0,0,,,33,2,,,,,,,,,52.283333,4.566667,1,,,,21091,,,,,,,,,,,,,,,,,,,,
NL_ZH_0537,Q208764,,NL,Netherlands,ZH,South Holland,0537,Katwijk,NL,NLD,2,2020-05-21,0,0,,,191,13,,,,,,,,,52.2008,4.4153,5,31,,,64196,,,,,,,,,,,,,,,,,,,,
NL_ZH_0542,Q739449,,NL,Netherlands,ZH,South Holland,0542,Krimpen aan den IJssel,NL,NLD,2,2020-05-21,1,0,,,74,7,,,,,,,,,51.92,4.6,,9,,,29059,,,,,,,,,,,,,,,,,,,,
NL_ZH_0546,Q43631,,NL,Netherlands,ZH,South Holland,0546,Leiden,NL,NLD,2,2020-05-21,0,0,,,151,18,,,,,,,,,52.154444,4.494722,0,23,,,121163,,,,,,,,,,,,,,,,,,,,
NL_ZH_0547,Q1000817,,NL,Netherlands,ZH,South Holland,0547,Leiderdorp,NL,NLD,2,2020-05-21,0,0,,,32,6,,,,,,,,,52.15,4.516667,0,,,,27010,,,,,,,,,,,,,,,,,,,,
NL_ZH_0553,Q332730,,NL,Netherlands,ZH,South Holland,0553,Lisse,NL,NLD,2,2020-05-21,0,0,,,26,2,,,,,,,,,52.25,4.55,1,16,,,22400,,,,,,,,,,,,,,,,,,,,
NL_ZH_0556,Q497130,,NL,Netherlands,ZH,South Holland,0556,Maassluis,NL,NLD,2,2020-05-21,1,0,,,62,3,,,,,,,,,51.916667,4.25,4,,,,32287,,,,,,,,,,,,,,,,,,,,
NL_ZH_0569,Q948866,,NL,Netherlands,ZH,South Holland,0569,Nieuwkoop,NL,NLD,2,2020-05-21,0,0,,,47,4,,,,,,,,,52.15,4.766667,,91,,,27437,,,,,,,,,,,,,,,,,,,,
NL_ZH_0575,Q455464,,NL,Netherlands,ZH,South Holland,0575,Noordwijk,NL,NLD,2,2020-05-21,0,0,,,46,2,,,,,,,,,52.233333,4.433333,3,,,,25762,,,,,,,,,,,,,,,,,,,,
NL_ZH_0579,Q94747,,NL,Netherlands,ZH,South Holland,0579,Oegstgeest,NL,NLD,2,2020-05-21,1,0,,,41,3,,,,,,,,,52.166667,4.466667,0,,,,23223,,,,,,,,,,,,,,,,,,,,
NL_ZH_0590,Q934511,,NL,Netherlands,ZH,South Holland,0590,Papendrecht,NL,NLD,2,2020-05-21,2,0,,,69,6,,,,,,,,,51.833333,4.683333,,11,,,32268,,,,,,,,,,,,,,,,,,,,
NL_ZH_0597,Q222220,,NL,Netherlands,ZH,South Holland,0597,Ridderkerk,NL,NLD,2,2020-05-21,0,1,,,130,15,,,,,,,,,51.866667,4.6,,25,,,45100,,,,,,,,,,,,,,,,,,,,
NL_ZH_0599,Q34370,,NL,Netherlands,ZH,South Holland,0599,Rotterdam,NL,NLD,2,2020-05-21,26,8,,,2299,323,,,,,,,,,51.9225,4.47917,0,319,,,619879,,,,,,,,,,,,,,,,,,,,
NL_ZH_0603,Q506745,,NL,Netherlands,ZH,South Holland,0603,Rijswijk,NL,NLD,2,2020-05-21,2,0,,,120,22,,,,,,,,,52.033333,4.316667,0,14,,,49322,,,,,,,,,,,,,,,,,,,,
NL_ZH_0606,Q204709,,NL,Netherlands,ZH,South Holland,0606,Schiedam,NL,NLD,2,2020-05-21,4,1,,,221,23,,,,,,,,,51.916667,4.4,,20,,,77051,,,,,,,,,,,,,,,,,,,,
NL_ZH_0610,Q750760,,NL,Netherlands,ZH,South Holland,0610,Sliedrecht,NL,NLD,2,2020-05-21,0,0,,,56,5,,,,,,,,,51.816667,4.766667,4,14,,,24959,,,,,,,,,,,,,,,,,,,,
NL_ZH_0613,Q934525,,NL,Netherlands,ZH,South Holland,0613,Albrandswaard,NL,NLD,2,2020-05-21,0,0,,,95,8,,,,,,,,,51.8567,4.4039,0,24,,,25007,,,,,,,,,,,,,,,,,,,,
NL_ZH_0614,Q935657,,NL,Netherlands,ZH,South Holland,0614,Westvoorne,NL,NLD,2,2020-05-21,0,0,,,25,0,,,,,,,,,51.89,4.0664,0,97,,,14205,,,,,,,,,,,,,,,,,,,,
NL_ZH_0622,Q210007,,NL,Netherlands,ZH,South Holland,0622,Vlaardingen,NL,NLD,2,2020-05-21,3,1,,,261,28,,,,,,,,,51.916667,4.35,1,,,,71888,,,,,,,,,,,,,,,,,,,,
NL_ZH_0626,Q848324,,NL,Netherlands,ZH,South Holland,0626,Voorschoten,NL,NLD,2,2020-05-21,1,0,,,61,10,,,,,,,,,52.116667,4.433333,0,12,,,25214,,,,,,,,,,,,,,,,,,,,
NL_ZH_0627,Q826048,,NL,Netherlands,ZH,South Holland,0627,Waddinxveen,NL,NLD,2,2020-05-21,1,0,,,67,7,,,,,,,,,52.033333,4.633333,,,,,26066,,,,,,,,,,,,,,,,,,,,
NL_ZH_0629,Q505601,,NL,Netherlands,ZH,South Holland,0629,Wassenaar,NL,NLD,2,2020-05-21,0,0,,,49,12,,,,,,,,,52.15,4.383333,1,62,,,25859,,,,,,,,,,,,,,,,,,,,
NL_ZH_0637,Q26432,,NL,Netherlands,ZH,South Holland,0637,Zoetermeer,NL,NLD,2,2020-05-21,0,0,,,186,12,,,,,,,,,52.061111,4.493333,-4,37,,,124151,,,,,,,,,,,,,,,,,,,,
NL_ZH_0638,Q218259,,NL,Netherlands,ZH,South Holland,0638,Zoeterwoude,NL,NLD,2,2020-05-21,1,0,,,12,1,,,,,,,,,52.1136,4.5058,,22,,,8122,,,,,,,,,,,,,,,,,,,,
NL_ZH_0642,Q244692,,NL,Netherlands,ZH,South Holland,0642,Zwijndrecht,NL,NLD,2,2020-05-21,0,0,,,149,18,,,,,,,,,51.82399,4.61258,,23,,,44454,,,,,,,,,,,,,,,,,,,,
NL_ZH_1525,Q1368003,,NL,Netherlands,ZH,South Holland,1525,Teylingen,NL,NLD,2,2020-05-21,1,0,,,53,2,,,,,,,,,52.215,4.510278,0,33,,,36013,,,,,,,,,,,,,,,,,,,,
NL_ZH_1621,Q1144739,,NL,Netherlands,ZH,South Holland,1621,Lansingerland,NL,NLD,2,2020-05-21,2,0,,,177,24,,,,,,,,,51.9986,4.5039,-5,56,,,59037,,,,,,,,,,,,,,,,,,,,
NL_ZH_1783,Q26556,,NL,Netherlands,ZH,South Holland,1783,Westland,NL,NLD,2,2020-05-21,0,0,,,256,29,,,,,,,,,52,4.166667,1,91,,,105007,,,,,,,,,,,,,,,,,,,,
NL_ZH_1842,Q952206,,NL,Netherlands,ZH,South Holland,1842,Midden-Delfland,NL,NLD,2,2020-05-21,0,0,,,18,0,,,,,,,,,51.9622,4.2997,,49,,,18870,,,,,,,,,,,,,,,,,,,,
NL_ZH_1884,Q1348471,,NL,Netherlands,ZH,South Holland,1884,Kaag en Braassem,NL,NLD,2,2020-05-21,0,0,,,27,2,,,,,,,,,52.2025,4.6314,,,,,26104,,,,,,,,,,,,,,,,,,,,
NL_ZH_1892,Q228673,,NL,Netherlands,ZH,South Holland,1892,Zuidplas,NL,NLD,2,2020-05-21,0,0,,,126,20,,,,,,,,,52.0089,4.6167,-6,64,,,40962,,,,,,,,,,,,,,,,,,,,
NL_ZH_1901,Q889423,,NL,Netherlands,ZH,South Holland,1901,Bodegraven-Reeuwijk,NL,NLD,2,2020-05-21,0,0,,,55,1,,,,,,,,,52.061778,4.726867,0,89,,,33451,,,,,,,,,,,,,,,,,,,,
NL_ZH_1916,Q112675,,NL,Netherlands,ZH,South Holland,1916,Leidschendam-Voorburg,NL,NLD,2,2020-05-21,1,0,,,110,14,,,,,,,,,52.09,4.39,0,36,,,74227,,,,,,,,,,,,,,,,,,,,
NL_ZH_1924,Q933459,,NL,Netherlands,ZH,South Holland,1924,Goeree-Overflakkee,NL,NLD,2,2020-05-21,0,0,,,256,33,,,,,,,,,51.75,4.116667,1,422,,,48317,,,,,,,,,,,,,,,,,,,,
NL_ZH_1926,Q281768,,NL,Netherlands,ZH,South Holland,1926,Pijnacker-Nootdorp,NL,NLD,2,2020-05-21,0,0,,,116,15,,,,,,,,,52.0317,4.415,,,,,51880,,,,,,,,,,,,,,,,,,,,
NL_ZH_1930,Q14853527,,NL,Netherlands,ZH,South Holland,1930,Nissewaard,NL,NLD,2,2020-05-21,0,0,,,173,17,,,,,,,,,51.83716,4.2754,,99,,,85403,,,,,,,,,,,,,,,,,,,,
NL_ZH_1931,Q15991891,,NL,Netherlands,ZH,South Holland,1931,Krimpenerwaard,NL,NLD,2,2020-05-21,3,0,,,162,26,,,,,,,,,51.9822,4.78167,,,,,54701,,,,,,,,,,,,,,,,,,,,
NL_ZH_1963,Q56682979,,NL,Netherlands,ZH,South Holland,1963,Hoeksche Waard,NL,NLD,2,2020-05-21,3,0,,,290,20,,,,,,,,,51.766667,4.466667,,324,,,86656,,,,,,,,,,,,,,,,,,,,
NL_ZH_1978,Q42115473,,NL,Netherlands,ZH,South Holland,1978,Molenlanden,NL,NLD,2,2020-05-21,-1,0,,,112,8,,,,,,,,,51.8947,4.8597,,,,,43858,,,,,,,,,,,,,,,,,,,,
NO_03,Q585,nuts/NO011,NO,Norway,03,Oslo,,,NO,NOR,1,2020-05-21,0,,,,2572,,,,,,,,,,59.911111,10.752778,23,481,,,634463,,,,,,,,,,,,,,,,,,,,
NO_11,Q50624,nuts/NO043,NO,Norway,11,Rogaland,,,NO,NOR,1,2020-05-21,0,,,,438,,,,,,,,,,58.97,5.71,,9376,,,470175,,,,,,,,,,,,,,,,,,,,
NO_15,Q50627,nuts/NO053,NO,Norway,15,Møre og Romsdal,,,NO,NOR,1,2020-05-21,0,,,,133,,,,,,,,,,62.5,7.166667,,15099,,,265290,,,,,,,,,,,,,,,,,,,,
NO_18,Q50630,nuts/NO071,NO,Norway,18,Nordland,,,NO,NOR,1,2020-05-21,0,,,,117,,,,,,,,,,66.833333,14.666667,,38481,,,241906,,,,,,,,,,,,,,,,,,,,
NO_30,Q56407178,,NO,Norway,30,Viken,,,NO,NOR,1,2020-05-21,0,,,,2242,,,,,,,,,,60,10,,24597,,,1227305,,,,,,,,,,,,,,,,,,,,
NO_34,Q56404886,,NO,Norway,34,Innlandet,,,NO,NOR,1,2020-05-21,0,,,,480,,,,,,,,,,61.5,10.666667,,52072,,,371054,,,,,,,,,,,,,,,,,,,,
NO_38,Q56405721,,NO,Norway,38,Vestfold og Telemark,,,NO,NOR,1,2020-05-21,0,,,,282,,,,,,,,,,59.5,9,,17466,,,417711,,,,,,,,,,,,,,,,,,,,
NO_42,Q2729021,,NO,Norway,42,Agder,,,NO,NOR,1,2020-05-21,0,,,,338,,,,,,,,,,58.146694,7.995611,,16434,,,305244,,,,,,,,,,,,,,,,,,,,
NO_46,Q56407177,,NO,Norway,46,Vestland,,,NO,NOR,1,2020-05-21,0,,,,881,,,,,,,,,,60.833333,6.5,,33868,,,633117,,,,,,,,,,,,,,,,,,,,
NO_50,Q127676,,NO,Norway,50,Trøndelag,,,NO,NOR,1,2020-05-21,0,,,,532,,,,,,,,,,63.426944,10.393056,,44373,,,464060,,,,,,,,,,,,,,,,,,,,
NO_54,Q52600648,,NO,Norway,54,Troms og Finnmark,,,NO,NOR,1,2020-05-21,0,,,,252,,,,,,,,,,69.666667,22.5,,74830,,,244326,,,,,,,,,,,,,,,,,,,,
NZ,Q664,country/NZL,NZ,New Zealand,,,,,NZ,NZL,0,2020-05-21,0,0,,,1153,21,,,,,,,,,-41.2,174,,268021,5.4858548E+09,2312,4242048,77.89024,0.793,,,,,,,,,,,,,2,2,2,0,0,
PL_02,Q54150,,PL,Poland,02,Lower Silesian,,,PL,POL,1,2020-05-21,3,0,,,2279,94,,,,,,,,,51.083333,16.383333,,19948,,,2915245,,,,,,,,,,,,,,,,,,,,
PL_04,Q54153,,PL,Poland,04,Kuyavian-Pomeranian,,,PL,POL,1,2020-05-21,1,0,,,585,44,,,,,,,,,53.066667,18.483333,,17969,,,2090836,,,,,,,,,,,,,,,,,,,,
PL_06,Q54155,,PL,Poland,06,Lublin,,,PL,POL,1,2020-05-21,4,1,,,415,15,,,,,,,,,51.216667,22.9,,25114,,,2151836,,,,,,,,,,,,,,,,,,,,
PL_08,Q54157,,PL,Poland,08,Lubusz,,,PL,POL,1,2020-05-21,3,0,,,95,0,,,,,,,,,52.183333,15.333333,,13988,,,1020767,,,,,,,,,,,,,,,,,,,,
PL_10,Q54158,nuts/PL71,PL,Poland,10,Łódź,,,PL,POL,1,2020-05-21,0,0,,,1273,51,,,,,,,,,51.6,19.416667,,18219,,,2508464,,,,,,,,,,,,,,,,,,,,
PL_12,Q54159,,PL,Poland,12,Lesser Poland,,,PL,POL,1,2020-05-21,10,0,,,1160,40,,,,,,,,,49.85,20.266667,,15108,,,3360581,,,,,,,,,,,,,,,,,,,,
PL_14,Q54169,,PL,Poland,14,Masovian,,,PL,POL,1,2020-05-21,0,0,,,3082,242,,,,,,,,,52.333333,21.1,,35566,,,5492000,,,,,,,,,,,,,,,,,,,,
PL_16,Q54171,,PL,Poland,16,Opole,,,PL,POL,1,2020-05-21,0,0,,,568,43,,,,,,,,,50.633333,17.9,,9412,,,1010203,,,,,,,,,,,,,,,,,,,,
PL_18,Q54175,,PL,Poland,18,Podkarpackie,,,PL,POL,1,2020-05-21,0,0,,,374,34,,,,,,,,,49.95,22.166667,,17844,,,2129284,,,,,,,,,,,,,,,,,,,,
PL_20,Q54177,,PL,Poland,20,Podlaskie,,,PL,POL,1,2020-05-21,3,0,,,511,29,,,,,,,,,53.267219,22.931939,,20180,,,1193348,,,,,,,,,,,,,,,,,,,,
PL_24,Q54181,,PL,Poland,24,Silesian,,,PL,POL,1,2020-05-21,189,2,,,6271,184,,,,,,,,,50.333333,19,,12333,,,4617000,,,,,,,,,,,,,,,,,,,,
PL_26,Q54183,nuts/PL72,PL,Poland,26,Świętokrzyskie,,,PL,POL,1,2020-05-21,4,0,,,361,20,,,,,,,,,50.75,20.766667,,111,,,1241546,,,,,,,,,,,,,,,,,,,,
PL_28,Q54184,,PL,Poland,28,Warmian-Masurian,,,PL,POL,1,2020-05-21,-1,0,,,174,1,,,,,,,,,53.85,20.816667,,24191,,,1437812,,,,,,,,,,,,,,,,,,,,
PL_30,Q54187,,PL,Poland,30,Greater Poland,,,PL,POL,1,2020-05-21,16,0,,,1915,141,,,,,,,,,52.333333,17.233333,,29826,,,3495470,,,,,,,,,,,,,,,,,,,,
PL_32,Q54188,,PL,Poland,32,West Pomeranian,,,PL,POL,1,2020-05-21,12,0,,,515,18,,,,,,,,,53.6,15.533333,,22896,,,1698344,,,,,,,,,,,,,,,,,,,,
PT_11,Q27662,nuts/PT11,PT,Portugal,11,Norte,,,PT,PRT,1,2020-05-21,52,4,0,,16540,717,,,,,,,,,,,,21278,,,4196354,,,,,,,,,,,,,,,,,,,,
PT_15,Q26831,nuts/PT150,PT,Portugal,15,Algarve,,,PT,PRT,1,2020-05-21,1,0,0,,357,15,,,,,,,,,37.014444,-7.935278,,4995,,,438864,,,,,,,,,,,,,,,,,,,,
PT_16,Q27569,nuts/PT16,PT,Portugal,16,Centro,,,PT,PRT,1,2020-05-21,7,2,0,,3662,232,,,,,,,,,40.207778,-8.426111,,,,,,,,,,,,,,,,,,,,,,,,,
PT_17,Q2392329,nuts/PT170,PT,Portugal,17,Lisbon Metropolitan Area,,,PT,PRT,1,2020-05-21,190,8,0,,8878,297,,,,,,,,,38.716667,-9.166667,,3015,,,,,,,,,,,,,,,,,,,,,,,
PT_18,Q4716163,,PT,Portugal,18,Alentejo,,,PT,PRT,1,2020-05-21,2,0,0,,250,1,,,,,,,,,38.5667,-7.9,,31152,,,,,,,,,,,,,,,,,,,,,,,
PT_20,Q25263,nuts/PT200,PT,Portugal,20,Azores,,,PT,PRT,1,2020-05-21,0,0,0,,135,15,,,,,,,,,38.5,-28,2351,2333,,,246746,,,,,,,,,,,,,,,,,,,,
PT_30,Q26253,nuts/PT300,PT,Portugal,30,Madeira,,,PT,PRT,1,2020-05-21,0,0,0,,90,0,,,,,,,,,32.75,-17,,801,,,267785,,,,,,,,,,,,,,,,,,,,
RU,Q159,country/RUS,RU,Russia,,,,,RU,RUS,0,2020-05-21,8764,135,,,308705,2972,,,,,,,,,62,100,,17075400,5.0650017E+11,14052,1.4305638E+08,65.9822,0.729,,,,,,,,,,,,,,,,,,
SE_110,Q104231,nuts/SE110,SE,Sweden,110,Stockholm,,,SE,SWE,1,2020-05-21,126,5,,,10909,1884,,,,,,,,,59.333333,18.166667,,16541,,,2181318,,,,,,,,,,,,,,,,,,,,
SE_121,Q104926,nuts/SE121,SE,Sweden,121,Uppsala,,,SE,SWE,1,2020-05-21,72,0,,,1623,153,,,,,,,,,59.858333,17.65,,11940,,,346980,,,,,,,,,,,,,,,,,,,,
SE_122,Q106915,nuts/SE122,SE,Sweden,122,Södermanland,,,SE,SWE,1,2020-05-21,3,3,,,1547,210,,,,,,,,,58.771048,16.869507,,5619,,,279366,,,,,,,,,,,,,,,,,,,,
SE_123,Q104940,nuts/SE123,SE,Sweden,123,Östergötland,,,SE,SWE,1,2020-05-21,37,3,,,1863,165,,,,,,,,,58.410556,15.613611,,10602,,,439586,,,,,,,,,,,,,,,,,,,,
SE_124,Q104257,nuts/SE124,SE,Sweden,124,Örebro,,,SE,SWE,1,2020-05-21,34,0,,,1591,112,,,,,,,,,59.266667,15.216667,,8546,,,291617,,,,,,,,,,,,,,,,,,,,
SE_125,Q105075,nuts/SE125,SE,Sweden,125,Västmanland,,,SE,SWE,1,2020-05-21,15,0,,,1083,125,,,,,,,,,59.75,16.33333,,5146,,,269555,,,,,,,,,,,,,,,,,,,,
SE_211,Q103672,nuts/SE211,SE,Sweden,211,Jönköping,,,SE,SWE,1,2020-05-21,32,0,,,1252,121,,,,,,,,,57.75,14.2,,10495,,,342529,,,,,,,,,,,,,,,,,,,,
SE_212,Q104746,nuts/SE212,SE,Sweden,212,Kronoberg,,,SE,SWE,1,2020-05-21,11,6,,,676,50,,,,,,,,,56.79,14.44,,8466,,,187759,,,,,,,,,,,,,,,,,,,,
SE_213,Q103707,nuts/SE213,SE,Sweden,213,Kalmar,,,SE,SWE,1,2020-05-21,4,0,,,268,26,,,,,,,,,56.733333,15.9,,11218,,,234700,,,,,,,,,,,,,,,,,,,,
SE_214,Q103738,nuts/SE214,SE,Sweden,214,Gotland,,,SE,SWE,1,2020-05-21,1,2,,,68,5,,,,,,,,,57.5,18.5,30,3151,,,58218,,,,,,,,,,,,,,,,,,,,
SE_221,Q102377,nuts/SE221,SE,Sweden,221,Blekinge,,,SE,SWE,1,2020-05-21,23,0,,,132,4,,,,,,,,,56.283333,15.116667,95,3039,,,158977,,,,,,,,,,,,,,,,,,,,
SE_224,Q103659,nuts/SE224,SE,Sweden,224,Skåne,,,SE,SWE,1,2020-05-21,46,9,,,1396,139,,,,,,,,,55.995309,13.441772,,11034,,,1306951,,,,,,,,,,,,,,,,,,,,
SE_231,Q103691,nuts/SE231,SE,Sweden,231,Halland,,,SE,SWE,1,2020-05-21,45,0,,,632,48,,,,,,,,,56.75,13,76,5454,,,322343,,,,,,,,,,,,,,,,,,,,
SE_232,Q103093,nuts/SE232,SE,Sweden,232,Västra Götaland,,,SE,SWE,1,2020-05-21,86,2,,,4705,428,,,,,,,,,58.217025,11.733398,,23499,,,1681082,,,,,,,,,,,,,,,,,,,,
SE_311,Q106789,nuts/SE311,SE,Sweden,311,Värmland,,,SE,SWE,1,2020-05-21,15,0,,,371,26,,,,,,,,,59.75,13.25,,17591,,,279535,,,,,,,,,,,,,,,,,,,,
SE_312,Q103732,nuts/SE312,SE,Sweden,312,Dalarna,,,SE,SWE,1,2020-05-21,14,0,,,1095,128,,,,,,,,,60.678559,15.600586,179,28189,,,285571,,,,,,,,,,,,,,,,,,,,
SE_313,Q103699,nuts/SE313,SE,Sweden,313,Gävleborg,,,SE,SWE,1,2020-05-21,28,2,,,1055,94,,,,,,,,,60.780619,16.655273,,18199,,,285265,,,,,,,,,,,,,,,,,,,,
SE_321,Q104891,nuts/SE321,SE,Sweden,321,Västernorrland,,,SE,SWE,1,2020-05-21,24,1,,,521,67,,,,,,,,,62.739722,16.93,,21684,,,246023,,,,,,,,,,,,,,,,,,,,
SE_322,Q103679,nuts/SE322,SE,Sweden,322,Jämtland Härjedalen,,,SE,SWE,1,2020-05-21,23,7,,,593,25,,,,,,,,,63,14.66667,402,49341,,,129076,,,,,,,,,,,,,,,,,,,,
SE_331,Q104877,nuts/SE331,SE,Sweden,331,Västerbotten,,,SE,SWE,1,2020-05-21,5,0,,,442,21,,,,,,,,,64.344665,18.314209,,55186,,,266548,,,,,,,,,,,,,,,,,,,,
SE_332,Q103686,nuts/SE332,SE,Sweden,332,Norrbotten,,,SE,SWE,1,2020-05-21,5,0,,,350,40,,,,,,,,,67,20,412,98245,,,250525,,,,,,,,,,,,,,,,,,,,
XK,Q1246,country/XKS,XK,Kosovo,,,,,XK,RKS,0,2020-05-21,0,0,,,989,29,,,,,,,,,42.55,20.833333,,10909,1.8491961E+09,1087,1883018,,,,,,,,,,,,,,,,,,,,
